text,severity
"Nobody would even notice if I disappeared, I really believe that. I don't know why I'm still here honestly, it just hurts constantly. I feel completely empty inside, like there's nothing left of me. I don't see the point anymore, nothing I do seems to matter at all. tl;dr life is hard.",2
"Some days are okay but most days I just feel numb and tired all the time. Therapy helps a little but I still feel stuck in the same place. My anxiety has been really bad this week, hard to focus on anything at work. thanks for reading if you did.",1
"Therapy session went well today, we made some good progress on coping strategies. just needed to vent.",0
"My anxiety has been really bad this week, hard to focus on anything at work. On top of that, I keep cancelling plans with friends because I don't have the energy anymore. first time posting here.",1
"Not sure how much longer I can keep pretending everything is fine. I guess Some days are okay but most days I just feel numb and tired all the time. I guess Everything feels heavier than it used to, I don't know how to explain it.",1
"I've been having really dark thoughts and I don't know who to tell. Honestly, I feel completely empty inside, like there's nothing left of me. Honestly, I can't stop crying and I don't even know why anymore, everything hurts. Honestly, I'm scared of my own thoughts lately, they keep getting darker.",2
"My anxiety has been really bad this week, hard to focus on anything at work. Honestly, I'm exhausted all the time even when I sleep enough hours. Honestly, Some days are okay but most days I just feel numb and tired all the time. Honestly, I feel like I'm just going through the motions lately, nothing feels exciting.",1
"Just wanted to share something positive for once, things are looking up. I guess Reconnected with an old friend today, it was nice catching up. idk.",0
"I don't see the point anymore, nothing I do seems to matter at all. On top of that, I feel completely empty inside, like there's nothing left of me. Therapy session went well today, we made some good progress on coping strategies.",2
"I feel completely empty inside, like there's nothing left of me. I guess I'm scared of my own thoughts lately, they keep getting darker. first time posting here.",2
"Reconnected with an old friend today, it was nice catching up. tl;dr life is hard.",0
"Therapy helps a little but I still feel stuck in the same place. I guess I've been isolating myself more and more and I know it's not helping. I guess I keep cancelling plans with friends because I don't have the energy anymore. Cooked a nice meal tonight and watched a movie, simple but good evening.",1
"I feel like I'm just going through the motions lately, nothing feels exciting. On top of that, I keep cancelling plans with friends because I don't have the energy anymore. On top of that, Therapy helps a little but I still feel stuck in the same place. My sleep schedule is finally getting back on track after a rough week.",1
"I keep thinking about just ending it all, the pain doesn't stop. I can't stop crying and I don't even know why anymore, everything hurts. It feels like there's no way out of this and I'm so tired of fighting it. thanks for reading if you did.",2
"Finally finished that project I've been putting off, feels great honestly. Been trying out a new hobby lately and it's actually really relaxing. Work has been stressful but I'm managing it okay with some breathing exercises.",0
"I've been isolating myself more and more and I know it's not helping. I feel like I'm just going through the motions lately, nothing feels exciting. Not sure how much longer I can keep pretending everything is fine. Everything feels heavier than it used to, I don't know how to explain it. tl;dr life is hard.",1
"Had a pretty good day today, went for a walk and grabbed coffee with a friend. Honestly, Been trying out a new hobby lately and it's actually really relaxing. not sure why I'm posting this.",0
"Reconnected with an old friend today, it was nice catching up. first time posting here.",0
"Some days are okay but most days I just feel numb and tired all the time. Also, I've been isolating myself more and more and I know it's not helping. Also, Started missing classes again, can't seem to get out of bed some mornings. not sure why I'm posting this. My sleep schedule is finally getting back on track after a rough week.",1
"Nobody would even notice if I disappeared, I really believe that. I'm scared of my own thoughts lately, they keep getting darker. not sure why I'm posting this.",2
"Therapy helps a little but I still feel stuck in the same place. Also, I'm exhausted all the time even when I sleep enough hours. Also, I feel like I'm just going through the motions lately, nothing feels exciting. throwaway account.",1
"I've been isolating myself more and more and I know it's not helping. Started missing classes again, can't seem to get out of bed some mornings. I keep cancelling plans with friends because I don't have the energy anymore.",1
Therapy helps a little but I still feel stuck in the same place. I guess Not sure how much longer I can keep pretending everything is fine. I guess I've been isolating myself more and more and I know it's not helping. not sure why I'm posting this. My sleep schedule is finally getting back on track after a rough week.,1
"I feel like I'm just going through the motions lately, nothing feels exciting. Also, I've been isolating myself more and more and I know it's not helping. Also, My anxiety has been really bad this week, hard to focus on anything at work.",1
"Had a pretty good day today, went for a walk and grabbed coffee with a friend. On top of that, Finally finished that project I've been putting off, feels great honestly. throwaway account. Cooked a nice meal tonight and watched a movie, simple but good evening.",0
"I can't stop crying and I don't even know why anymore, everything hurts. I keep thinking about just ending it all, the pain doesn't stop. thanks for reading if you did.",2
"Therapy session went well today, we made some good progress on coping strategies.",0
"Some days are okay but most days I just feel numb and tired all the time. Also, Started missing classes again, can't seem to get out of bed some mornings.",1
Been trying out a new hobby lately and it's actually really relaxing.,0
"Just wanted to share something positive for once, things are looking up.",0
Not sure how much longer I can keep pretending everything is fine. Therapy helps a little but I still feel stuck in the same place. I keep cancelling plans with friends because I don't have the energy anymore.,1
"Therapy helps a little but I still feel stuck in the same place. Also, My anxiety has been really bad this week, hard to focus on anything at work. not sure why I'm posting this. Work has been stressful but I'm managing it okay with some breathing exercises.",1
"Therapy helps a little but I still feel stuck in the same place. Honestly, Started missing classes again, can't seem to get out of bed some mornings.",1
"I've been isolating myself more and more and I know it's not helping. On top of that, Not sure how much longer I can keep pretending everything is fine.",1
"Started missing classes again, can't seem to get out of bed some mornings. Not sure how much longer I can keep pretending everything is fine. I've been isolating myself more and more and I know it's not helping. Work has been stressful but I'm managing it okay with some breathing exercises.",1
"Went to the gym and it really helped clear my head, would recommend. just needed to vent.",0
"Just wanted to share something positive for once, things are looking up. Also, Had a pretty good day today, went for a walk and grabbed coffee with a friend.",0
"Started missing classes again, can't seem to get out of bed some mornings. Honestly, Some days are okay but most days I just feel numb and tired all the time. Honestly, Everything feels heavier than it used to, I don't know how to explain it. Honestly, Therapy helps a little but I still feel stuck in the same place.",1
"Reconnected with an old friend today, it was nice catching up. Honestly, Work has been stressful but I'm managing it okay with some breathing exercises.",0
"I keep cancelling plans with friends because I don't have the energy anymore. Honestly, Started missing classes again, can't seem to get out of bed some mornings. Honestly, Therapy helps a little but I still feel stuck in the same place. Honestly, Some days are okay but most days I just feel numb and tired all the time. first time posting here.",1
"Reconnected with an old friend today, it was nice catching up. Went to the gym and it really helped clear my head, would recommend.",0
"I've been having really dark thoughts and I don't know who to tell. On top of that, I keep thinking about just ending it all, the pain doesn't stop. On top of that, It feels like there's no way out of this and I'm so tired of fighting it. On top of that, I don't know why I'm still here honestly, it just hurts constantly. sorry for the rant.",2
"Went to the gym and it really helped clear my head, would recommend. Honestly, Cooked a nice meal tonight and watched a movie, simple but good evening. Finally finished that project I've been putting off, feels great honestly.",0
Been trying out a new hobby lately and it's actually really relaxing.,0
"I've been having really dark thoughts and I don't know who to tell. I guess I feel completely empty inside, like there's nothing left of me. I guess I don't know why I'm still here honestly, it just hurts constantly. I guess I can't stop crying and I don't even know why anymore, everything hurts. sorry for the rant.",2
"I feel completely empty inside, like there's nothing left of me. It feels like there's no way out of this and I'm so tired of fighting it. Nobody would even notice if I disappeared, I really believe that. I don't see the point anymore, nothing I do seems to matter at all.",2
"Nobody would even notice if I disappeared, I really believe that. I feel completely empty inside, like there's nothing left of me. It feels like there's no way out of this and I'm so tired of fighting it.",2
"Some days are okay but most days I just feel numb and tired all the time. On top of that, Therapy helps a little but I still feel stuck in the same place.",1
"I keep cancelling plans with friends because I don't have the energy anymore. I feel like I'm just going through the motions lately, nothing feels exciting. Started missing classes again, can't seem to get out of bed some mornings. Therapy helps a little but I still feel stuck in the same place. tl;dr life is hard.",1
"I keep cancelling plans with friends because I don't have the energy anymore. Also, I've been isolating myself more and more and I know it's not helping. Also, Some days are okay but most days I just feel numb and tired all the time. idk. Just wanted to share something positive for once, things are looking up.",1
"Cooked a nice meal tonight and watched a movie, simple but good evening. sorry for the rant.",0
"It feels like there's no way out of this and I'm so tired of fighting it. On top of that, Nobody would even notice if I disappeared, I really believe that. On top of that, I don't know why I'm still here honestly, it just hurts constantly. On top of that, I keep thinking about just ending it all, the pain doesn't stop.",2
"Everything feels heavier than it used to, I don't know how to explain it. I keep cancelling plans with friends because I don't have the energy anymore. just needed to vent. Work has been stressful but I'm managing it okay with some breathing exercises.",1
"I'm exhausted all the time even when I sleep enough hours. I guess My anxiety has been really bad this week, hard to focus on anything at work.",1
"I'm exhausted all the time even when I sleep enough hours. Honestly, I feel like I'm just going through the motions lately, nothing feels exciting. Honestly, My anxiety has been really bad this week, hard to focus on anything at work. first time posting here.",1
"Work has been stressful but I'm managing it okay with some breathing exercises. I guess Had a pretty good day today, went for a walk and grabbed coffee with a friend. Went to the gym and it really helped clear my head, would recommend.",0
"I keep thinking about just ending it all, the pain doesn't stop. I've been having really dark thoughts and I don't know who to tell. I'm scared of my own thoughts lately, they keep getting darker. idk.",2
"Finally finished that project I've been putting off, feels great honestly. My sleep schedule is finally getting back on track after a rough week. sorry for the rant. Had a pretty good day today, went for a walk and grabbed coffee with a friend.",0
"Not sure how much longer I can keep pretending everything is fine. I feel like I'm just going through the motions lately, nothing feels exciting.",1
"Finally finished that project I've been putting off, feels great honestly.",0
"Started missing classes again, can't seem to get out of bed some mornings. Some days are okay but most days I just feel numb and tired all the time.",1
"Finally finished that project I've been putting off, feels great honestly. On top of that, Went to the gym and it really helped clear my head, would recommend.",0
"I keep thinking about just ending it all, the pain doesn't stop. Also, It feels like there's no way out of this and I'm so tired of fighting it.",2
"I can't keep doing this, every single day feels unbearable and pointless. Nobody would even notice if I disappeared, I really believe that. I don't know why I'm still here honestly, it just hurts constantly. I keep thinking about just ending it all, the pain doesn't stop. first time posting here.",2
"My anxiety has been really bad this week, hard to focus on anything at work. I keep cancelling plans with friends because I don't have the energy anymore. I feel like I'm just going through the motions lately, nothing feels exciting. I'm exhausted all the time even when I sleep enough hours.",1
"Finally finished that project I've been putting off, feels great honestly.",0
"I'm exhausted all the time even when I sleep enough hours. Started missing classes again, can't seem to get out of bed some mornings. Not sure how much longer I can keep pretending everything is fine. Everything feels heavier than it used to, I don't know how to explain it. thanks for reading if you did.",1
"Just wanted to share something positive for once, things are looking up. Honestly, Work has been stressful but I'm managing it okay with some breathing exercises.",0
"I keep cancelling plans with friends because I don't have the energy anymore. Also, Started missing classes again, can't seem to get out of bed some mornings.",1
"I can't keep doing this, every single day feels unbearable and pointless. I keep thinking about just ending it all, the pain doesn't stop. just needed to vent.",2
"Therapy helps a little but I still feel stuck in the same place. On top of that, I keep cancelling plans with friends because I don't have the energy anymore. On top of that, Started missing classes again, can't seem to get out of bed some mornings. On top of that, I've been isolating myself more and more and I know it's not helping. throwaway account.",1
"I've been isolating myself more and more and I know it's not helping. On top of that, Not sure how much longer I can keep pretending everything is fine. On top of that, Therapy helps a little but I still feel stuck in the same place. On top of that, Started missing classes again, can't seem to get out of bed some mornings.",1
"I keep cancelling plans with friends because I don't have the energy anymore. Some days are okay but most days I just feel numb and tired all the time. Started missing classes again, can't seem to get out of bed some mornings.",1
"I've been having really dark thoughts and I don't know who to tell. Honestly, I don't see the point anymore, nothing I do seems to matter at all. Honestly, I can't stop crying and I don't even know why anymore, everything hurts. Honestly, Nobody would even notice if I disappeared, I really believe that.",2
"I'm scared of my own thoughts lately, they keep getting darker. I guess It feels like there's no way out of this and I'm so tired of fighting it. idk.",2
"Not sure how much longer I can keep pretending everything is fine. On top of that, I've been isolating myself more and more and I know it's not helping. On top of that, I feel like I'm just going through the motions lately, nothing feels exciting. Finally finished that project I've been putting off, feels great honestly.",1
"I keep cancelling plans with friends because I don't have the energy anymore. On top of that, I feel like I'm just going through the motions lately, nothing feels exciting. Cooked a nice meal tonight and watched a movie, simple but good evening.",1
"Cooked a nice meal tonight and watched a movie, simple but good evening. long time lurker.",0
"Just wanted to share something positive for once, things are looking up. Finally finished that project I've been putting off, feels great honestly. thanks for reading if you did. Finally finished that project I've been putting off, feels great honestly.",0
Some days are okay but most days I just feel numb and tired all the time. I guess I'm exhausted all the time even when I sleep enough hours. sorry for the rant.,1
"Cooked a nice meal tonight and watched a movie, simple but good evening. On top of that, Been trying out a new hobby lately and it's actually really relaxing. just needed to vent.",0
"My sleep schedule is finally getting back on track after a rough week. Honestly, Cooked a nice meal tonight and watched a movie, simple but good evening. sorry for the rant.",0
"I don't know why I'm still here honestly, it just hurts constantly. Honestly, I feel completely empty inside, like there's nothing left of me. Honestly, I can't keep doing this, every single day feels unbearable and pointless. anyway.",2
"I don't know why I'm still here honestly, it just hurts constantly. I'm scared of my own thoughts lately, they keep getting darker. It feels like there's no way out of this and I'm so tired of fighting it. I feel completely empty inside, like there's nothing left of me.",2
My sleep schedule is finally getting back on track after a rough week. first time posting here.,0
"I keep cancelling plans with friends because I don't have the energy anymore. Honestly, I've been isolating myself more and more and I know it's not helping. Honestly, Not sure how much longer I can keep pretending everything is fine. Honestly, I feel like I'm just going through the motions lately, nothing feels exciting.",1
"I can't stop crying and I don't even know why anymore, everything hurts. I've been having really dark thoughts and I don't know who to tell. Nobody would even notice if I disappeared, I really believe that. I can't keep doing this, every single day feels unbearable and pointless. just needed to vent. Been trying out a new hobby lately and it's actually really relaxing.",2
"Therapy helps a little but I still feel stuck in the same place. Honestly, I feel like I'm just going through the motions lately, nothing feels exciting. Honestly, I keep cancelling plans with friends because I don't have the energy anymore. anyway.",1
"I'm scared of my own thoughts lately, they keep getting darker. It feels like there's no way out of this and I'm so tired of fighting it. I can't stop crying and I don't even know why anymore, everything hurts. idk.",2
"Cooked a nice meal tonight and watched a movie, simple but good evening. My sleep schedule is finally getting back on track after a rough week. sorry for the rant.",0
"I'm scared of my own thoughts lately, they keep getting darker. I guess I can't keep doing this, every single day feels unbearable and pointless. I guess I feel completely empty inside, like there's nothing left of me. I guess I keep thinking about just ending it all, the pain doesn't stop. not sure why I'm posting this.",2
"My sleep schedule is finally getting back on track after a rough week. Also, Had a pretty good day today, went for a walk and grabbed coffee with a friend.",0
"I'm scared of my own thoughts lately, they keep getting darker. I guess I don't see the point anymore, nothing I do seems to matter at all.",2
"Nobody would even notice if I disappeared, I really believe that. I feel completely empty inside, like there's nothing left of me.",2
"Cooked a nice meal tonight and watched a movie, simple but good evening. not sure why I'm posting this.",0
"My anxiety has been really bad this week, hard to focus on anything at work. On top of that, Not sure how much longer I can keep pretending everything is fine. On top of that, Some days are okay but most days I just feel numb and tired all the time. On top of that, I'm exhausted all the time even when I sleep enough hours. long time lurker.",1
"Started missing classes again, can't seem to get out of bed some mornings. I guess Not sure how much longer I can keep pretending everything is fine. I guess I'm exhausted all the time even when I sleep enough hours. I guess I feel like I'm just going through the motions lately, nothing feels exciting. sorry for the rant.",1
"Everything feels heavier than it used to, I don't know how to explain it. Therapy helps a little but I still feel stuck in the same place.",1
"Reconnected with an old friend today, it was nice catching up. On top of that, Cooked a nice meal tonight and watched a movie, simple but good evening. anyway.",0
"Work has been stressful but I'm managing it okay with some breathing exercises. Just wanted to share something positive for once, things are looking up. Work has been stressful but I'm managing it okay with some breathing exercises.",0
"Work has been stressful but I'm managing it okay with some breathing exercises. Honestly, Reconnected with an old friend today, it was nice catching up. not sure why I'm posting this.",0
"It feels like there's no way out of this and I'm so tired of fighting it. I can't stop crying and I don't even know why anymore, everything hurts.",2
Work has been stressful but I'm managing it okay with some breathing exercises.,0
"I feel completely empty inside, like there's nothing left of me. I can't stop crying and I don't even know why anymore, everything hurts.",2
"Just wanted to share something positive for once, things are looking up. tl;dr life is hard.",0
"Just wanted to share something positive for once, things are looking up.",0
"I don't know why I'm still here honestly, it just hurts constantly. I guess I've been having really dark thoughts and I don't know who to tell. sorry for the rant.",2
"I don't know why I'm still here honestly, it just hurts constantly. Honestly, I'm scared of my own thoughts lately, they keep getting darker.",2
"Therapy helps a little but I still feel stuck in the same place. My anxiety has been really bad this week, hard to focus on anything at work. Everything feels heavier than it used to, I don't know how to explain it. I keep cancelling plans with friends because I don't have the energy anymore. sorry for the rant.",1
"Went to the gym and it really helped clear my head, would recommend. Honestly, Therapy session went well today, we made some good progress on coping strategies.",0
"I don't know why I'm still here honestly, it just hurts constantly. I guess Nobody would even notice if I disappeared, I really believe that. I guess I can't stop crying and I don't even know why anymore, everything hurts. thanks for reading if you did.",2
"I'm scared of my own thoughts lately, they keep getting darker. I feel completely empty inside, like there's nothing left of me. Nobody would even notice if I disappeared, I really believe that. I don't see the point anymore, nothing I do seems to matter at all. throwaway account.",2
"Finally finished that project I've been putting off, feels great honestly. I guess Reconnected with an old friend today, it was nice catching up.",0
"Nobody would even notice if I disappeared, I really believe that. Honestly, I feel completely empty inside, like there's nothing left of me. Honestly, I've been having really dark thoughts and I don't know who to tell. Honestly, I don't know why I'm still here honestly, it just hurts constantly. just needed to vent.",2
"Some days are okay but most days I just feel numb and tired all the time. On top of that, I keep cancelling plans with friends because I don't have the energy anymore. first time posting here.",1
"Nobody would even notice if I disappeared, I really believe that. I guess I can't stop crying and I don't even know why anymore, everything hurts. I guess I can't keep doing this, every single day feels unbearable and pointless. I guess I feel completely empty inside, like there's nothing left of me.",2
"I keep thinking about just ending it all, the pain doesn't stop. Also, I can't stop crying and I don't even know why anymore, everything hurts.",2
"Started missing classes again, can't seem to get out of bed some mornings. Honestly, Not sure how much longer I can keep pretending everything is fine. Honestly, Therapy helps a little but I still feel stuck in the same place. Honestly, I keep cancelling plans with friends because I don't have the energy anymore.",1
"Nobody would even notice if I disappeared, I really believe that. Honestly, It feels like there's no way out of this and I'm so tired of fighting it.",2
"Therapy session went well today, we made some good progress on coping strategies. long time lurker. Been trying out a new hobby lately and it's actually really relaxing.",0
"Therapy helps a little but I still feel stuck in the same place. Honestly, I keep cancelling plans with friends because I don't have the energy anymore. Honestly, Started missing classes again, can't seem to get out of bed some mornings. Honestly, Not sure how much longer I can keep pretending everything is fine. not sure why I'm posting this.",1
"Finally finished that project I've been putting off, feels great honestly. long time lurker.",0
"I've been having really dark thoughts and I don't know who to tell. On top of that, Nobody would even notice if I disappeared, I really believe that.",2
"Started missing classes again, can't seem to get out of bed some mornings. Honestly, Everything feels heavier than it used to, I don't know how to explain it. Honestly, I'm exhausted all the time even when I sleep enough hours. Honestly, Not sure how much longer I can keep pretending everything is fine. long time lurker.",1
"I'm scared of my own thoughts lately, they keep getting darker. Honestly, I can't keep doing this, every single day feels unbearable and pointless. Honestly, Nobody would even notice if I disappeared, I really believe that.",2
"Cooked a nice meal tonight and watched a movie, simple but good evening. Been trying out a new hobby lately and it's actually really relaxing. thanks for reading if you did.",0
"My sleep schedule is finally getting back on track after a rough week. Also, Work has been stressful but I'm managing it okay with some breathing exercises.",0
"I'm scared of my own thoughts lately, they keep getting darker. Also, I don't see the point anymore, nothing I do seems to matter at all. Also, I keep thinking about just ending it all, the pain doesn't stop. Also, It feels like there's no way out of this and I'm so tired of fighting it.",2
"My anxiety has been really bad this week, hard to focus on anything at work. On top of that, Not sure how much longer I can keep pretending everything is fine.",1
"I don't see the point anymore, nothing I do seems to matter at all. Also, Nobody would even notice if I disappeared, I really believe that. Also, I've been having really dark thoughts and I don't know who to tell. thanks for reading if you did.",2
"Reconnected with an old friend today, it was nice catching up.",0
"Just wanted to share something positive for once, things are looking up.",0
"Went to the gym and it really helped clear my head, would recommend.",0
"I'm exhausted all the time even when I sleep enough hours. Started missing classes again, can't seem to get out of bed some mornings. Everything feels heavier than it used to, I don't know how to explain it.",1
"Nobody would even notice if I disappeared, I really believe that. Honestly, I keep thinking about just ending it all, the pain doesn't stop. Honestly, I don't see the point anymore, nothing I do seems to matter at all. Honestly, I can't stop crying and I don't even know why anymore, everything hurts.",2
"Everything feels heavier than it used to, I don't know how to explain it. On top of that, I've been isolating myself more and more and I know it's not helping. On top of that, Started missing classes again, can't seem to get out of bed some mornings. long time lurker.",1
Work has been stressful but I'm managing it okay with some breathing exercises. idk.,0
"I keep cancelling plans with friends because I don't have the energy anymore. On top of that, Not sure how much longer I can keep pretending everything is fine. On top of that, Started missing classes again, can't seem to get out of bed some mornings. On top of that, Everything feels heavier than it used to, I don't know how to explain it.",1
"Work has been stressful but I'm managing it okay with some breathing exercises. I guess Went to the gym and it really helped clear my head, would recommend.",0
"I keep thinking about just ending it all, the pain doesn't stop. On top of that, It feels like there's no way out of this and I'm so tired of fighting it.",2
"I'm exhausted all the time even when I sleep enough hours. Everything feels heavier than it used to, I don't know how to explain it. Started missing classes again, can't seem to get out of bed some mornings.",1
"Reconnected with an old friend today, it was nice catching up. Also, Finally finished that project I've been putting off, feels great honestly. tl;dr life is hard.",0
"It feels like there's no way out of this and I'm so tired of fighting it. Nobody would even notice if I disappeared, I really believe that. I don't see the point anymore, nothing I do seems to matter at all. tl;dr life is hard.",2
"Started missing classes again, can't seem to get out of bed some mornings. Not sure how much longer I can keep pretending everything is fine. Some days are okay but most days I just feel numb and tired all the time.",1
"Been trying out a new hobby lately and it's actually really relaxing. I guess Reconnected with an old friend today, it was nice catching up.",0
I keep cancelling plans with friends because I don't have the energy anymore. I guess Not sure how much longer I can keep pretending everything is fine.,1
"Been trying out a new hobby lately and it's actually really relaxing. Also, Reconnected with an old friend today, it was nice catching up.",0
"Everything feels heavier than it used to, I don't know how to explain it. Honestly, Started missing classes again, can't seem to get out of bed some mornings. Honestly, I've been isolating myself more and more and I know it's not helping. Honestly, I keep cancelling plans with friends because I don't have the energy anymore.",1
"Nobody would even notice if I disappeared, I really believe that. On top of that, I'm scared of my own thoughts lately, they keep getting darker. sorry for the rant.",2
"Just wanted to share something positive for once, things are looking up. tl;dr life is hard.",0
"I can't keep doing this, every single day feels unbearable and pointless. I can't stop crying and I don't even know why anymore, everything hurts.",2
"Work has been stressful but I'm managing it okay with some breathing exercises. Honestly, Cooked a nice meal tonight and watched a movie, simple but good evening.",0
"Went to the gym and it really helped clear my head, would recommend.",0
"Therapy session went well today, we made some good progress on coping strategies. not sure why I'm posting this.",0
"I can't stop crying and I don't even know why anymore, everything hurts. I guess I'm scared of my own thoughts lately, they keep getting darker. I guess I've been having really dark thoughts and I don't know who to tell. I guess It feels like there's no way out of this and I'm so tired of fighting it. just needed to vent.",2
"Work has been stressful but I'm managing it okay with some breathing exercises. Cooked a nice meal tonight and watched a movie, simple but good evening.",0
"I keep cancelling plans with friends because I don't have the energy anymore. Honestly, Therapy helps a little but I still feel stuck in the same place.",1
"I can't stop crying and I don't even know why anymore, everything hurts. Honestly, I feel completely empty inside, like there's nothing left of me. Honestly, I'm scared of my own thoughts lately, they keep getting darker. not sure why I'm posting this.",2
"Reconnected with an old friend today, it was nice catching up.",0
"I keep cancelling plans with friends because I don't have the energy anymore. Honestly, My anxiety has been really bad this week, hard to focus on anything at work. idk.",1
"Work has been stressful but I'm managing it okay with some breathing exercises. Reconnected with an old friend today, it was nice catching up. idk.",0
"I'm exhausted all the time even when I sleep enough hours. Started missing classes again, can't seem to get out of bed some mornings.",1
"I've been isolating myself more and more and I know it's not helping. On top of that, I keep cancelling plans with friends because I don't have the energy anymore. On top of that, I feel like I'm just going through the motions lately, nothing feels exciting. On top of that, Some days are okay but most days I just feel numb and tired all the time.",1
"I keep thinking about just ending it all, the pain doesn't stop. Also, I don't know why I'm still here honestly, it just hurts constantly. Also, I'm scared of my own thoughts lately, they keep getting darker. throwaway account.",2
Been trying out a new hobby lately and it's actually really relaxing.,0
"Not sure how much longer I can keep pretending everything is fine. Honestly, Therapy helps a little but I still feel stuck in the same place. thanks for reading if you did.",1
"Reconnected with an old friend today, it was nice catching up. not sure why I'm posting this. Therapy session went well today, we made some good progress on coping strategies.",0
"I feel completely empty inside, like there's nothing left of me. I keep thinking about just ending it all, the pain doesn't stop. It feels like there's no way out of this and I'm so tired of fighting it.",2
"Therapy session went well today, we made some good progress on coping strategies. Honestly, My sleep schedule is finally getting back on track after a rough week.",0
"Finally finished that project I've been putting off, feels great honestly.",0
"Went to the gym and it really helped clear my head, would recommend.",0
"Reconnected with an old friend today, it was nice catching up. sorry for the rant.",0
"I've been isolating myself more and more and I know it's not helping. On top of that, I'm exhausted all the time even when I sleep enough hours. On top of that, My anxiety has been really bad this week, hard to focus on anything at work. On top of that, Everything feels heavier than it used to, I don't know how to explain it. anyway.",1
"I feel completely empty inside, like there's nothing left of me. I keep thinking about just ending it all, the pain doesn't stop. I've been having really dark thoughts and I don't know who to tell. thanks for reading if you did.",2
"Just wanted to share something positive for once, things are looking up. Therapy session went well today, we made some good progress on coping strategies. thanks for reading if you did.",0
"I keep cancelling plans with friends because I don't have the energy anymore. I feel like I'm just going through the motions lately, nothing feels exciting. Not sure how much longer I can keep pretending everything is fine. thanks for reading if you did. Just wanted to share something positive for once, things are looking up.",1
"I don't see the point anymore, nothing I do seems to matter at all. Also, I can't keep doing this, every single day feels unbearable and pointless. Also, It feels like there's no way out of this and I'm so tired of fighting it. Also, Nobody would even notice if I disappeared, I really believe that.",2
"I keep thinking about just ending it all, the pain doesn't stop. On top of that, I don't know why I'm still here honestly, it just hurts constantly. On top of that, I've been having really dark thoughts and I don't know who to tell. On top of that, I'm scared of my own thoughts lately, they keep getting darker.",2
"Been trying out a new hobby lately and it's actually really relaxing. On top of that, My sleep schedule is finally getting back on track after a rough week. anyway.",0
"Just wanted to share something positive for once, things are looking up. thanks for reading if you did.",0
"I keep thinking about just ending it all, the pain doesn't stop. I guess I can't stop crying and I don't even know why anymore, everything hurts. I guess I don't know why I'm still here honestly, it just hurts constantly. My sleep schedule is finally getting back on track after a rough week.",2
"Work has been stressful but I'm managing it okay with some breathing exercises. I guess Went to the gym and it really helped clear my head, would recommend. idk.",0
"Reconnected with an old friend today, it was nice catching up.",0
"I don't know why I'm still here honestly, it just hurts constantly. On top of that, I can't keep doing this, every single day feels unbearable and pointless. On top of that, I feel completely empty inside, like there's nothing left of me. throwaway account. My sleep schedule is finally getting back on track after a rough week.",2
"Everything feels heavier than it used to, I don't know how to explain it. On top of that, My anxiety has been really bad this week, hard to focus on anything at work. idk.",1
"I can't stop crying and I don't even know why anymore, everything hurts. I don't know why I'm still here honestly, it just hurts constantly.",2
"Some days are okay but most days I just feel numb and tired all the time. I guess I feel like I'm just going through the motions lately, nothing feels exciting. Just wanted to share something positive for once, things are looking up.",1
"Reconnected with an old friend today, it was nice catching up.",0
"I can't stop crying and I don't even know why anymore, everything hurts. I guess I don't see the point anymore, nothing I do seems to matter at all. I guess I keep thinking about just ending it all, the pain doesn't stop. tl;dr life is hard.",2
"I've been isolating myself more and more and I know it's not helping. Also, Some days are okay but most days I just feel numb and tired all the time. anyway.",1
"Everything feels heavier than it used to, I don't know how to explain it. I'm exhausted all the time even when I sleep enough hours. Some days are okay but most days I just feel numb and tired all the time.",1
"I've been isolating myself more and more and I know it's not helping. On top of that, I feel like I'm just going through the motions lately, nothing feels exciting. thanks for reading if you did. Just wanted to share something positive for once, things are looking up.",1
"It feels like there's no way out of this and I'm so tired of fighting it. On top of that, I don't see the point anymore, nothing I do seems to matter at all. On top of that, I don't know why I'm still here honestly, it just hurts constantly.",2
Work has been stressful but I'm managing it okay with some breathing exercises. My sleep schedule is finally getting back on track after a rough week.,0
"Reconnected with an old friend today, it was nice catching up. sorry for the rant.",0
Been trying out a new hobby lately and it's actually really relaxing. idk.,0
"My anxiety has been really bad this week, hard to focus on anything at work. Also, Therapy helps a little but I still feel stuck in the same place. Also, I feel like I'm just going through the motions lately, nothing feels exciting.",1
"I've been having really dark thoughts and I don't know who to tell. Also, I'm scared of my own thoughts lately, they keep getting darker.",2
"I don't know why I'm still here honestly, it just hurts constantly. I've been having really dark thoughts and I don't know who to tell. It feels like there's no way out of this and I'm so tired of fighting it. I feel completely empty inside, like there's nothing left of me. long time lurker.",2
"I don't know why I'm still here honestly, it just hurts constantly. I guess I'm scared of my own thoughts lately, they keep getting darker. I guess I can't stop crying and I don't even know why anymore, everything hurts.",2
"Nobody would even notice if I disappeared, I really believe that. I guess I don't know why I'm still here honestly, it just hurts constantly. I guess I can't stop crying and I don't even know why anymore, everything hurts. I guess I feel completely empty inside, like there's nothing left of me. just needed to vent.",2
"I keep cancelling plans with friends because I don't have the energy anymore. Honestly, Some days are okay but most days I just feel numb and tired all the time. Honestly, I'm exhausted all the time even when I sleep enough hours. throwaway account.",1
My sleep schedule is finally getting back on track after a rough week. first time posting here.,0
"Nobody would even notice if I disappeared, I really believe that. Also, I can't stop crying and I don't even know why anymore, everything hurts. Also, I feel completely empty inside, like there's nothing left of me. long time lurker.",2
"I keep cancelling plans with friends because I don't have the energy anymore. I feel like I'm just going through the motions lately, nothing feels exciting. Some days are okay but most days I just feel numb and tired all the time. idk.",1
"Work has been stressful but I'm managing it okay with some breathing exercises. I guess Therapy session went well today, we made some good progress on coping strategies. Finally finished that project I've been putting off, feels great honestly.",0
"I can't keep doing this, every single day feels unbearable and pointless. Also, I've been having really dark thoughts and I don't know who to tell. Also, I'm scared of my own thoughts lately, they keep getting darker.",2
My sleep schedule is finally getting back on track after a rough week.,0
"Therapy helps a little but I still feel stuck in the same place. Also, Everything feels heavier than it used to, I don't know how to explain it. Also, My anxiety has been really bad this week, hard to focus on anything at work.",1
"I can't keep doing this, every single day feels unbearable and pointless. Also, It feels like there's no way out of this and I'm so tired of fighting it.",2
"Work has been stressful but I'm managing it okay with some breathing exercises. Reconnected with an old friend today, it was nice catching up. first time posting here. Therapy session went well today, we made some good progress on coping strategies.",0
"Been trying out a new hobby lately and it's actually really relaxing. Just wanted to share something positive for once, things are looking up.",0
"I can't stop crying and I don't even know why anymore, everything hurts. Honestly, I can't keep doing this, every single day feels unbearable and pointless. Honestly, I don't know why I'm still here honestly, it just hurts constantly. Honestly, I don't see the point anymore, nothing I do seems to matter at all. Finally finished that project I've been putting off, feels great honestly.",2
"I'm exhausted all the time even when I sleep enough hours. I feel like I'm just going through the motions lately, nothing feels exciting. Not sure how much longer I can keep pretending everything is fine. Everything feels heavier than it used to, I don't know how to explain it.",1
"Cooked a nice meal tonight and watched a movie, simple but good evening. anyway.",0
"I feel completely empty inside, like there's nothing left of me. I keep thinking about just ending it all, the pain doesn't stop. It feels like there's no way out of this and I'm so tired of fighting it.",2
"Had a pretty good day today, went for a walk and grabbed coffee with a friend. On top of that, Cooked a nice meal tonight and watched a movie, simple but good evening. Finally finished that project I've been putting off, feels great honestly.",0
"I keep cancelling plans with friends because I don't have the energy anymore. On top of that, Therapy helps a little but I still feel stuck in the same place. thanks for reading if you did.",1
"Therapy helps a little but I still feel stuck in the same place. Also, I feel like I'm just going through the motions lately, nothing feels exciting. Also, I'm exhausted all the time even when I sleep enough hours. Also, My anxiety has been really bad this week, hard to focus on anything at work.",1
"I don't see the point anymore, nothing I do seems to matter at all. I guess I'm scared of my own thoughts lately, they keep getting darker.",2
"Just wanted to share something positive for once, things are looking up.",0
"Nobody would even notice if I disappeared, I really believe that. Also, It feels like there's no way out of this and I'm so tired of fighting it. Also, I can't stop crying and I don't even know why anymore, everything hurts. Also, I don't know why I'm still here honestly, it just hurts constantly. first time posting here.",2
"I've been isolating myself more and more and I know it's not helping. Also, I'm exhausted all the time even when I sleep enough hours. Also, I keep cancelling plans with friends because I don't have the energy anymore. Also, Everything feels heavier than it used to, I don't know how to explain it. first time posting here. My sleep schedule is finally getting back on track after a rough week.",1
"I can't keep doing this, every single day feels unbearable and pointless. I guess Nobody would even notice if I disappeared, I really believe that. sorry for the rant.",2
"Work has been stressful but I'm managing it okay with some breathing exercises. Honestly, Finally finished that project I've been putting off, feels great honestly.",0
"I've been isolating myself more and more and I know it's not helping. I guess My anxiety has been really bad this week, hard to focus on anything at work. I guess Started missing classes again, can't seem to get out of bed some mornings.",1
"I feel like I'm just going through the motions lately, nothing feels exciting. Not sure how much longer I can keep pretending everything is fine. tl;dr life is hard.",1
Work has been stressful but I'm managing it okay with some breathing exercises. sorry for the rant.,0
Some days are okay but most days I just feel numb and tired all the time. Not sure how much longer I can keep pretending everything is fine. anyway.,1
"Had a pretty good day today, went for a walk and grabbed coffee with a friend. On top of that, Been trying out a new hobby lately and it's actually really relaxing.",0
"Everything feels heavier than it used to, I don't know how to explain it. Honestly, Not sure how much longer I can keep pretending everything is fine. Honestly, I feel like I'm just going through the motions lately, nothing feels exciting. idk.",1
"I keep cancelling plans with friends because I don't have the energy anymore. Honestly, I feel like I'm just going through the motions lately, nothing feels exciting. Honestly, Everything feels heavier than it used to, I don't know how to explain it.",1
"Just wanted to share something positive for once, things are looking up. Finally finished that project I've been putting off, feels great honestly. anyway.",0
"I don't see the point anymore, nothing I do seems to matter at all. Honestly, I keep thinking about just ending it all, the pain doesn't stop. Honestly, I'm scared of my own thoughts lately, they keep getting darker. Honestly, I can't stop crying and I don't even know why anymore, everything hurts. tl;dr life is hard.",2
"Therapy helps a little but I still feel stuck in the same place. Also, Everything feels heavier than it used to, I don't know how to explain it. Also, Started missing classes again, can't seem to get out of bed some mornings.",1
I'm exhausted all the time even when I sleep enough hours. I keep cancelling plans with friends because I don't have the energy anymore.,1
"I keep thinking about just ending it all, the pain doesn't stop. Honestly, I don't know why I'm still here honestly, it just hurts constantly. Honestly, I've been having really dark thoughts and I don't know who to tell. Honestly, I don't see the point anymore, nothing I do seems to matter at all. throwaway account.",2
"I'm exhausted all the time even when I sleep enough hours. Honestly, My anxiety has been really bad this week, hard to focus on anything at work.",1
"Work has been stressful but I'm managing it okay with some breathing exercises. Honestly, Had a pretty good day today, went for a walk and grabbed coffee with a friend. throwaway account.",0
"Nobody would even notice if I disappeared, I really believe that. It feels like there's no way out of this and I'm so tired of fighting it. I'm scared of my own thoughts lately, they keep getting darker.",2
"I feel completely empty inside, like there's nothing left of me. On top of that, I can't keep doing this, every single day feels unbearable and pointless. On top of that, I can't stop crying and I don't even know why anymore, everything hurts. On top of that, I've been having really dark thoughts and I don't know who to tell.",2
"I'm scared of my own thoughts lately, they keep getting darker. I keep thinking about just ending it all, the pain doesn't stop.",2
"Finally finished that project I've been putting off, feels great honestly.",0
"Some days are okay but most days I just feel numb and tired all the time. My anxiety has been really bad this week, hard to focus on anything at work. I've been isolating myself more and more and I know it's not helping.",1
"I keep thinking about just ending it all, the pain doesn't stop. I can't keep doing this, every single day feels unbearable and pointless. I'm scared of my own thoughts lately, they keep getting darker. Nobody would even notice if I disappeared, I really believe that. thanks for reading if you did.",2
"Reconnected with an old friend today, it was nice catching up. Honestly, Cooked a nice meal tonight and watched a movie, simple but good evening.",0
"I keep cancelling plans with friends because I don't have the energy anymore. On top of that, I've been isolating myself more and more and I know it's not helping. Went to the gym and it really helped clear my head, would recommend.",1
"I can't keep doing this, every single day feels unbearable and pointless. Honestly, I can't stop crying and I don't even know why anymore, everything hurts. long time lurker. Finally finished that project I've been putting off, feels great honestly.",2
"Finally finished that project I've been putting off, feels great honestly. I guess Work has been stressful but I'm managing it okay with some breathing exercises.",0
"I've been isolating myself more and more and I know it's not helping. Also, Therapy helps a little but I still feel stuck in the same place. Also, I'm exhausted all the time even when I sleep enough hours.",1
"Started missing classes again, can't seem to get out of bed some mornings. My anxiety has been really bad this week, hard to focus on anything at work. I feel like I'm just going through the motions lately, nothing feels exciting. Some days are okay but most days I just feel numb and tired all the time.",1
"Some days are okay but most days I just feel numb and tired all the time. Also, Not sure how much longer I can keep pretending everything is fine. Also, I'm exhausted all the time even when I sleep enough hours.",1
"Went to the gym and it really helped clear my head, would recommend.",0
My sleep schedule is finally getting back on track after a rough week.,0
"Nobody would even notice if I disappeared, I really believe that. Also, I don't know why I'm still here honestly, it just hurts constantly. Also, I don't see the point anymore, nothing I do seems to matter at all. Also, I keep thinking about just ending it all, the pain doesn't stop.",2
"Started missing classes again, can't seem to get out of bed some mornings. On top of that, I keep cancelling plans with friends because I don't have the energy anymore.",1
"It feels like there's no way out of this and I'm so tired of fighting it. I feel completely empty inside, like there's nothing left of me. I can't keep doing this, every single day feels unbearable and pointless.",2
"Had a pretty good day today, went for a walk and grabbed coffee with a friend. sorry for the rant.",0
"Reconnected with an old friend today, it was nice catching up. first time posting here. Just wanted to share something positive for once, things are looking up.",0
"I can't stop crying and I don't even know why anymore, everything hurts. Also, I can't keep doing this, every single day feels unbearable and pointless. Also, I've been having really dark thoughts and I don't know who to tell. Also, I feel completely empty inside, like there's nothing left of me. not sure why I'm posting this.",2
"Started missing classes again, can't seem to get out of bed some mornings. Also, I'm exhausted all the time even when I sleep enough hours. thanks for reading if you did.",1
"Nobody would even notice if I disappeared, I really believe that. Also, I can't keep doing this, every single day feels unbearable and pointless. Also, I've been having really dark thoughts and I don't know who to tell. Also, I can't stop crying and I don't even know why anymore, everything hurts.",2
"I keep cancelling plans with friends because I don't have the energy anymore. My anxiety has been really bad this week, hard to focus on anything at work. Therapy helps a little but I still feel stuck in the same place. Everything feels heavier than it used to, I don't know how to explain it.",1
"Everything feels heavier than it used to, I don't know how to explain it. Therapy helps a little but I still feel stuck in the same place. tl;dr life is hard.",1
"Therapy session went well today, we made some good progress on coping strategies. Also, Work has been stressful but I'm managing it okay with some breathing exercises.",0
"Had a pretty good day today, went for a walk and grabbed coffee with a friend. just needed to vent. Finally finished that project I've been putting off, feels great honestly.",0
"Just wanted to share something positive for once, things are looking up. first time posting here.",0
"Therapy session went well today, we made some good progress on coping strategies. I guess My sleep schedule is finally getting back on track after a rough week.",0
"I'm scared of my own thoughts lately, they keep getting darker. Honestly, I can't keep doing this, every single day feels unbearable and pointless. Honestly, Nobody would even notice if I disappeared, I really believe that. Honestly, I feel completely empty inside, like there's nothing left of me. anyway.",2
"I don't know why I'm still here honestly, it just hurts constantly. Honestly, I can't keep doing this, every single day feels unbearable and pointless. Honestly, I can't stop crying and I don't even know why anymore, everything hurts.",2
"Nobody would even notice if I disappeared, I really believe that. On top of that, I feel completely empty inside, like there's nothing left of me.",2
"Went to the gym and it really helped clear my head, would recommend. Also, Finally finished that project I've been putting off, feels great honestly. anyway.",0
"Some days are okay but most days I just feel numb and tired all the time. On top of that, My anxiety has been really bad this week, hard to focus on anything at work. anyway.",1
"I don't know why I'm still here honestly, it just hurts constantly. I guess I can't stop crying and I don't even know why anymore, everything hurts. I guess It feels like there's no way out of this and I'm so tired of fighting it. just needed to vent.",2
"Cooked a nice meal tonight and watched a movie, simple but good evening. My sleep schedule is finally getting back on track after a rough week. first time posting here.",0
"I don't see the point anymore, nothing I do seems to matter at all. Honestly, I've been having really dark thoughts and I don't know who to tell. Honestly, I feel completely empty inside, like there's nothing left of me. throwaway account.",2
"I've been having really dark thoughts and I don't know who to tell. I keep thinking about just ending it all, the pain doesn't stop. I feel completely empty inside, like there's nothing left of me.",2
"I'm exhausted all the time even when I sleep enough hours. On top of that, Therapy helps a little but I still feel stuck in the same place. On top of that, Everything feels heavier than it used to, I don't know how to explain it. On top of that, Not sure how much longer I can keep pretending everything is fine. idk. Went to the gym and it really helped clear my head, would recommend.",1
"I keep cancelling plans with friends because I don't have the energy anymore. I guess My anxiety has been really bad this week, hard to focus on anything at work. I guess Not sure how much longer I can keep pretending everything is fine. Had a pretty good day today, went for a walk and grabbed coffee with a friend.",1
"My anxiety has been really bad this week, hard to focus on anything at work. I'm exhausted all the time even when I sleep enough hours. I feel like I'm just going through the motions lately, nothing feels exciting. Everything feels heavier than it used to, I don't know how to explain it. Finally finished that project I've been putting off, feels great honestly.",1
"Cooked a nice meal tonight and watched a movie, simple but good evening. I guess Went to the gym and it really helped clear my head, would recommend. sorry for the rant.",0
I keep cancelling plans with friends because I don't have the energy anymore. I guess I've been isolating myself more and more and I know it's not helping. I guess Some days are okay but most days I just feel numb and tired all the time. I guess Not sure how much longer I can keep pretending everything is fine. throwaway account.,1
I'm exhausted all the time even when I sleep enough hours. Not sure how much longer I can keep pretending everything is fine. Some days are okay but most days I just feel numb and tired all the time. just needed to vent.,1
"I don't see the point anymore, nothing I do seems to matter at all. Nobody would even notice if I disappeared, I really believe that.",2
"I've been isolating myself more and more and I know it's not helping. On top of that, I feel like I'm just going through the motions lately, nothing feels exciting. On top of that, Not sure how much longer I can keep pretending everything is fine. On top of that, My anxiety has been really bad this week, hard to focus on anything at work.",1
"I'm exhausted all the time even when I sleep enough hours. I guess Everything feels heavier than it used to, I don't know how to explain it.",1
"I'm exhausted all the time even when I sleep enough hours. Not sure how much longer I can keep pretending everything is fine. Started missing classes again, can't seem to get out of bed some mornings.",1
"I keep cancelling plans with friends because I don't have the energy anymore. I guess Not sure how much longer I can keep pretending everything is fine. I guess I feel like I'm just going through the motions lately, nothing feels exciting. I guess I've been isolating myself more and more and I know it's not helping.",1
"Some days are okay but most days I just feel numb and tired all the time. Also, I feel like I'm just going through the motions lately, nothing feels exciting. Also, I've been isolating myself more and more and I know it's not helping. anyway.",1
Some days are okay but most days I just feel numb and tired all the time. I guess I've been isolating myself more and more and I know it's not helping. I guess Therapy helps a little but I still feel stuck in the same place.,1
"Been trying out a new hobby lately and it's actually really relaxing. On top of that, Just wanted to share something positive for once, things are looking up. throwaway account.",0
"Reconnected with an old friend today, it was nice catching up. Honestly, Therapy session went well today, we made some good progress on coping strategies.",0
"Cooked a nice meal tonight and watched a movie, simple but good evening. Just wanted to share something positive for once, things are looking up.",0
"Therapy session went well today, we made some good progress on coping strategies. Honestly, Finally finished that project I've been putting off, feels great honestly. tl;dr life is hard.",0
"I keep thinking about just ending it all, the pain doesn't stop. I'm scared of my own thoughts lately, they keep getting darker.",2
"I feel completely empty inside, like there's nothing left of me. It feels like there's no way out of this and I'm so tired of fighting it. first time posting here.",2
"I feel completely empty inside, like there's nothing left of me. On top of that, Nobody would even notice if I disappeared, I really believe that.",2
"I can't keep doing this, every single day feels unbearable and pointless. I've been having really dark thoughts and I don't know who to tell. I don't see the point anymore, nothing I do seems to matter at all. Nobody would even notice if I disappeared, I really believe that. thanks for reading if you did.",2
"It feels like there's no way out of this and I'm so tired of fighting it. I don't see the point anymore, nothing I do seems to matter at all. I don't know why I'm still here honestly, it just hurts constantly. I keep thinking about just ending it all, the pain doesn't stop. thanks for reading if you did.",2
Work has been stressful but I'm managing it okay with some breathing exercises.,0
"Everything feels heavier than it used to, I don't know how to explain it. I've been isolating myself more and more and I know it's not helping. Therapy session went well today, we made some good progress on coping strategies.",1
"Went to the gym and it really helped clear my head, would recommend. Honestly, Therapy session went well today, we made some good progress on coping strategies. idk.",0
"I feel like I'm just going through the motions lately, nothing feels exciting. I guess Started missing classes again, can't seem to get out of bed some mornings. I guess I keep cancelling plans with friends because I don't have the energy anymore.",1
"Not sure how much longer I can keep pretending everything is fine. Therapy helps a little but I still feel stuck in the same place. I'm exhausted all the time even when I sleep enough hours. Everything feels heavier than it used to, I don't know how to explain it.",1
"I've been isolating myself more and more and I know it's not helping. Also, My anxiety has been really bad this week, hard to focus on anything at work. Also, Some days are okay but most days I just feel numb and tired all the time. Also, Not sure how much longer I can keep pretending everything is fine.",1
"Everything feels heavier than it used to, I don't know how to explain it. On top of that, I'm exhausted all the time even when I sleep enough hours. On top of that, Some days are okay but most days I just feel numb and tired all the time. On top of that, I've been isolating myself more and more and I know it's not helping.",1
"Went to the gym and it really helped clear my head, would recommend. idk.",0
"I keep thinking about just ending it all, the pain doesn't stop. I don't see the point anymore, nothing I do seems to matter at all. I'm scared of my own thoughts lately, they keep getting darker. thanks for reading if you did.",2
"I've been having really dark thoughts and I don't know who to tell. Also, I feel completely empty inside, like there's nothing left of me. Also, I can't keep doing this, every single day feels unbearable and pointless. first time posting here.",2
"Went to the gym and it really helped clear my head, would recommend. Therapy session went well today, we made some good progress on coping strategies.",0
"Finally finished that project I've been putting off, feels great honestly.",0
"Started missing classes again, can't seem to get out of bed some mornings. I guess I feel like I'm just going through the motions lately, nothing feels exciting. I guess I've been isolating myself more and more and I know it's not helping.",1
"Not sure how much longer I can keep pretending everything is fine. Honestly, I keep cancelling plans with friends because I don't have the energy anymore.",1
"Cooked a nice meal tonight and watched a movie, simple but good evening. On top of that, My sleep schedule is finally getting back on track after a rough week. not sure why I'm posting this. Work has been stressful but I'm managing it okay with some breathing exercises.",0
"I don't see the point anymore, nothing I do seems to matter at all. Honestly, I keep thinking about just ending it all, the pain doesn't stop.",2
"Just wanted to share something positive for once, things are looking up.",0
"Everything feels heavier than it used to, I don't know how to explain it. Honestly, I keep cancelling plans with friends because I don't have the energy anymore. Honestly, I've been isolating myself more and more and I know it's not helping. Honestly, Therapy helps a little but I still feel stuck in the same place. tl;dr life is hard.",1
"Work has been stressful but I'm managing it okay with some breathing exercises. I guess Cooked a nice meal tonight and watched a movie, simple but good evening. tl;dr life is hard.",0
"Went to the gym and it really helped clear my head, would recommend. I guess Cooked a nice meal tonight and watched a movie, simple but good evening.",0
"I feel completely empty inside, like there's nothing left of me. On top of that, I'm scared of my own thoughts lately, they keep getting darker. On top of that, It feels like there's no way out of this and I'm so tired of fighting it. Cooked a nice meal tonight and watched a movie, simple but good evening.",2
"Reconnected with an old friend today, it was nice catching up.",0
Been trying out a new hobby lately and it's actually really relaxing.,0
"Nobody would even notice if I disappeared, I really believe that. I don't see the point anymore, nothing I do seems to matter at all. It feels like there's no way out of this and I'm so tired of fighting it. I'm scared of my own thoughts lately, they keep getting darker. long time lurker.",2
"I feel like I'm just going through the motions lately, nothing feels exciting. Therapy helps a little but I still feel stuck in the same place. Some days are okay but most days I just feel numb and tired all the time. I'm exhausted all the time even when I sleep enough hours. thanks for reading if you did.",1
"Finally finished that project I've been putting off, feels great honestly. Just wanted to share something positive for once, things are looking up.",0
"Had a pretty good day today, went for a walk and grabbed coffee with a friend. sorry for the rant. Finally finished that project I've been putting off, feels great honestly.",0
"I can't stop crying and I don't even know why anymore, everything hurts. I guess Nobody would even notice if I disappeared, I really believe that. I guess I feel completely empty inside, like there's nothing left of me. I guess I'm scared of my own thoughts lately, they keep getting darker. throwaway account.",2
"I feel like I'm just going through the motions lately, nothing feels exciting. I guess Some days are okay but most days I just feel numb and tired all the time. I guess I'm exhausted all the time even when I sleep enough hours. I guess I keep cancelling plans with friends because I don't have the energy anymore. just needed to vent.",1
"I'm scared of my own thoughts lately, they keep getting darker. I don't see the point anymore, nothing I do seems to matter at all. I've been having really dark thoughts and I don't know who to tell. thanks for reading if you did.",2
"It feels like there's no way out of this and I'm so tired of fighting it. I can't keep doing this, every single day feels unbearable and pointless. I keep thinking about just ending it all, the pain doesn't stop. I've been having really dark thoughts and I don't know who to tell. just needed to vent.",2
"I feel like I'm just going through the motions lately, nothing feels exciting. I'm exhausted all the time even when I sleep enough hours.",1
"I feel completely empty inside, like there's nothing left of me. On top of that, I'm scared of my own thoughts lately, they keep getting darker. first time posting here.",2
"Therapy session went well today, we made some good progress on coping strategies.",0
"Cooked a nice meal tonight and watched a movie, simple but good evening. Reconnected with an old friend today, it was nice catching up.",0
"I'm scared of my own thoughts lately, they keep getting darker. I've been having really dark thoughts and I don't know who to tell. Nobody would even notice if I disappeared, I really believe that. It feels like there's no way out of this and I'm so tired of fighting it.",2
"I keep cancelling plans with friends because I don't have the energy anymore. Some days are okay but most days I just feel numb and tired all the time. Started missing classes again, can't seem to get out of bed some mornings. Not sure how much longer I can keep pretending everything is fine.",1
"Some days are okay but most days I just feel numb and tired all the time. My anxiety has been really bad this week, hard to focus on anything at work. not sure why I'm posting this.",1
"Started missing classes again, can't seem to get out of bed some mornings. I keep cancelling plans with friends because I don't have the energy anymore. I feel like I'm just going through the motions lately, nothing feels exciting. idk.",1
"I can't keep doing this, every single day feels unbearable and pointless. Honestly, I've been having really dark thoughts and I don't know who to tell. Honestly, I can't stop crying and I don't even know why anymore, everything hurts.",2
"Therapy session went well today, we made some good progress on coping strategies. Work has been stressful but I'm managing it okay with some breathing exercises. first time posting here.",0
"Everything feels heavier than it used to, I don't know how to explain it. On top of that, Therapy helps a little but I still feel stuck in the same place.",1
"I feel completely empty inside, like there's nothing left of me. On top of that, I've been having really dark thoughts and I don't know who to tell.",2
"I'm scared of my own thoughts lately, they keep getting darker. Also, I don't see the point anymore, nothing I do seems to matter at all. Also, I've been having really dark thoughts and I don't know who to tell. Finally finished that project I've been putting off, feels great honestly.",2
"Nobody would even notice if I disappeared, I really believe that. I keep thinking about just ending it all, the pain doesn't stop. I feel completely empty inside, like there's nothing left of me. throwaway account.",2
"I've been isolating myself more and more and I know it's not helping. Also, Everything feels heavier than it used to, I don't know how to explain it. Also, Started missing classes again, can't seem to get out of bed some mornings.",1
"I've been having really dark thoughts and I don't know who to tell. Also, I can't stop crying and I don't even know why anymore, everything hurts. Also, I can't keep doing this, every single day feels unbearable and pointless.",2
"I keep cancelling plans with friends because I don't have the energy anymore. I guess Everything feels heavier than it used to, I don't know how to explain it. I guess I feel like I'm just going through the motions lately, nothing feels exciting. long time lurker.",1
"My anxiety has been really bad this week, hard to focus on anything at work. I guess Not sure how much longer I can keep pretending everything is fine. I guess I've been isolating myself more and more and I know it's not helping. I guess Some days are okay but most days I just feel numb and tired all the time.",1
"Therapy session went well today, we made some good progress on coping strategies. My sleep schedule is finally getting back on track after a rough week.",0
"Not sure how much longer I can keep pretending everything is fine. Honestly, My anxiety has been really bad this week, hard to focus on anything at work. Honestly, I'm exhausted all the time even when I sleep enough hours. Honestly, Therapy helps a little but I still feel stuck in the same place. sorry for the rant.",1
"Therapy helps a little but I still feel stuck in the same place. Honestly, Not sure how much longer I can keep pretending everything is fine. Honestly, Everything feels heavier than it used to, I don't know how to explain it. Honestly, I've been isolating myself more and more and I know it's not helping. not sure why I'm posting this.",1
"Finally finished that project I've been putting off, feels great honestly. Reconnected with an old friend today, it was nice catching up. Finally finished that project I've been putting off, feels great honestly.",0
"I'm scared of my own thoughts lately, they keep getting darker. I guess I don't know why I'm still here honestly, it just hurts constantly.",2
"I can't keep doing this, every single day feels unbearable and pointless. I've been having really dark thoughts and I don't know who to tell. Nobody would even notice if I disappeared, I really believe that. It feels like there's no way out of this and I'm so tired of fighting it.",2
"Cooked a nice meal tonight and watched a movie, simple but good evening. On top of that, Went to the gym and it really helped clear my head, would recommend. tl;dr life is hard.",0
"Just wanted to share something positive for once, things are looking up.",0
"I've been having really dark thoughts and I don't know who to tell. On top of that, Nobody would even notice if I disappeared, I really believe that. tl;dr life is hard. Been trying out a new hobby lately and it's actually really relaxing.",2
"I feel completely empty inside, like there's nothing left of me. Also, I can't stop crying and I don't even know why anymore, everything hurts.",2
"Finally finished that project I've been putting off, feels great honestly.",0
"Therapy helps a little but I still feel stuck in the same place. Honestly, I keep cancelling plans with friends because I don't have the energy anymore. Honestly, I'm exhausted all the time even when I sleep enough hours. just needed to vent.",1
"I'm scared of my own thoughts lately, they keep getting darker. I can't stop crying and I don't even know why anymore, everything hurts. I can't keep doing this, every single day feels unbearable and pointless. tl;dr life is hard. Had a pretty good day today, went for a walk and grabbed coffee with a friend.",2
"I can't stop crying and I don't even know why anymore, everything hurts. It feels like there's no way out of this and I'm so tired of fighting it. I don't know why I'm still here honestly, it just hurts constantly. I keep thinking about just ending it all, the pain doesn't stop.",2
"Everything feels heavier than it used to, I don't know how to explain it. I guess Started missing classes again, can't seem to get out of bed some mornings. I guess Some days are okay but most days I just feel numb and tired all the time. long time lurker.",1
"Finally finished that project I've been putting off, feels great honestly. Also, Cooked a nice meal tonight and watched a movie, simple but good evening. Reconnected with an old friend today, it was nice catching up.",0
"I'm exhausted all the time even when I sleep enough hours. Honestly, Some days are okay but most days I just feel numb and tired all the time. Honestly, I keep cancelling plans with friends because I don't have the energy anymore. Honestly, Not sure how much longer I can keep pretending everything is fine. tl;dr life is hard.",1
"I keep cancelling plans with friends because I don't have the energy anymore. Honestly, Some days are okay but most days I just feel numb and tired all the time. Honestly, I've been isolating myself more and more and I know it's not helping. Honestly, Everything feels heavier than it used to, I don't know how to explain it.",1
"My anxiety has been really bad this week, hard to focus on anything at work. Started missing classes again, can't seem to get out of bed some mornings.",1
"I don't know why I'm still here honestly, it just hurts constantly. On top of that, I can't keep doing this, every single day feels unbearable and pointless. first time posting here.",2
"Reconnected with an old friend today, it was nice catching up. Also, Just wanted to share something positive for once, things are looking up.",0
"Therapy session went well today, we made some good progress on coping strategies. sorry for the rant.",0
"I'm scared of my own thoughts lately, they keep getting darker. I feel completely empty inside, like there's nothing left of me. I don't know why I'm still here honestly, it just hurts constantly.",2
"I feel completely empty inside, like there's nothing left of me. I guess I'm scared of my own thoughts lately, they keep getting darker. I guess Nobody would even notice if I disappeared, I really believe that. not sure why I'm posting this. Had a pretty good day today, went for a walk and grabbed coffee with a friend.",2
"Finally finished that project I've been putting off, feels great honestly. My sleep schedule is finally getting back on track after a rough week.",0
"I can't stop crying and I don't even know why anymore, everything hurts. I don't know why I'm still here honestly, it just hurts constantly. I keep thinking about just ending it all, the pain doesn't stop. sorry for the rant.",2
"My anxiety has been really bad this week, hard to focus on anything at work. Therapy helps a little but I still feel stuck in the same place. Reconnected with an old friend today, it was nice catching up.",1
"I keep cancelling plans with friends because I don't have the energy anymore. Also, My anxiety has been really bad this week, hard to focus on anything at work. Also, I'm exhausted all the time even when I sleep enough hours. Also, I feel like I'm just going through the motions lately, nothing feels exciting. not sure why I'm posting this.",1
"It feels like there's no way out of this and I'm so tired of fighting it. I feel completely empty inside, like there's nothing left of me. I don't see the point anymore, nothing I do seems to matter at all. I can't stop crying and I don't even know why anymore, everything hurts.",2
"Everything feels heavier than it used to, I don't know how to explain it. Also, I keep cancelling plans with friends because I don't have the energy anymore.",1
"Therapy helps a little but I still feel stuck in the same place. My anxiety has been really bad this week, hard to focus on anything at work. I'm exhausted all the time even when I sleep enough hours. Not sure how much longer I can keep pretending everything is fine.",1
"Started missing classes again, can't seem to get out of bed some mornings. I guess Everything feels heavier than it used to, I don't know how to explain it. not sure why I'm posting this.",1
"I don't see the point anymore, nothing I do seems to matter at all. I guess I'm scared of my own thoughts lately, they keep getting darker. I guess Nobody would even notice if I disappeared, I really believe that. I guess I feel completely empty inside, like there's nothing left of me. tl;dr life is hard.",2
Been trying out a new hobby lately and it's actually really relaxing.,0
"Nobody would even notice if I disappeared, I really believe that. Honestly, I don't know why I'm still here honestly, it just hurts constantly. Honestly, I can't stop crying and I don't even know why anymore, everything hurts. idk.",2
"Reconnected with an old friend today, it was nice catching up. Finally finished that project I've been putting off, feels great honestly.",0
"Nobody would even notice if I disappeared, I really believe that. I don't know why I'm still here honestly, it just hurts constantly. I'm scared of my own thoughts lately, they keep getting darker.",2
"I feel like I'm just going through the motions lately, nothing feels exciting. I keep cancelling plans with friends because I don't have the energy anymore. Some days are okay but most days I just feel numb and tired all the time. I'm exhausted all the time even when I sleep enough hours.",1
"Just wanted to share something positive for once, things are looking up. On top of that, Finally finished that project I've been putting off, feels great honestly.",0
"Work has been stressful but I'm managing it okay with some breathing exercises. On top of that, Cooked a nice meal tonight and watched a movie, simple but good evening.",0
"I don't know why I'm still here honestly, it just hurts constantly. I guess I don't see the point anymore, nothing I do seems to matter at all. I guess I'm scared of my own thoughts lately, they keep getting darker. I guess I feel completely empty inside, like there's nothing left of me. thanks for reading if you did.",2
"Started missing classes again, can't seem to get out of bed some mornings. Honestly, Everything feels heavier than it used to, I don't know how to explain it. Honestly, I keep cancelling plans with friends because I don't have the energy anymore.",1
"I don't know why I'm still here honestly, it just hurts constantly. Honestly, I keep thinking about just ending it all, the pain doesn't stop. Honestly, It feels like there's no way out of this and I'm so tired of fighting it. long time lurker.",2
My sleep schedule is finally getting back on track after a rough week.,0
"I keep cancelling plans with friends because I don't have the energy anymore. I guess My anxiety has been really bad this week, hard to focus on anything at work. I guess Everything feels heavier than it used to, I don't know how to explain it. anyway. Just wanted to share something positive for once, things are looking up.",1
"Everything feels heavier than it used to, I don't know how to explain it. Also, I keep cancelling plans with friends because I don't have the energy anymore. Also, I've been isolating myself more and more and I know it's not helping.",1
Been trying out a new hobby lately and it's actually really relaxing.,0
"I've been having really dark thoughts and I don't know who to tell. Honestly, I don't know why I'm still here honestly, it just hurts constantly. Honestly, I can't keep doing this, every single day feels unbearable and pointless.",2
"Finally finished that project I've been putting off, feels great honestly.",0
My sleep schedule is finally getting back on track after a rough week.,0
"Some days are okay but most days I just feel numb and tired all the time. I keep cancelling plans with friends because I don't have the energy anymore. thanks for reading if you did. Just wanted to share something positive for once, things are looking up.",1
"Just wanted to share something positive for once, things are looking up. not sure why I'm posting this.",0
"Started missing classes again, can't seem to get out of bed some mornings. I guess My anxiety has been really bad this week, hard to focus on anything at work. I guess I keep cancelling plans with friends because I don't have the energy anymore. I guess Therapy helps a little but I still feel stuck in the same place.",1
"I don't see the point anymore, nothing I do seems to matter at all. I can't keep doing this, every single day feels unbearable and pointless. I'm scared of my own thoughts lately, they keep getting darker. It feels like there's no way out of this and I'm so tired of fighting it. long time lurker. Therapy session went well today, we made some good progress on coping strategies.",2
"I keep thinking about just ending it all, the pain doesn't stop. Also, I've been having really dark thoughts and I don't know who to tell. Also, I'm scared of my own thoughts lately, they keep getting darker. Also, I don't know why I'm still here honestly, it just hurts constantly. not sure why I'm posting this.",2
"I feel like I'm just going through the motions lately, nothing feels exciting. Not sure how much longer I can keep pretending everything is fine. Some days are okay but most days I just feel numb and tired all the time.",1
"Nobody would even notice if I disappeared, I really believe that. On top of that, I keep thinking about just ending it all, the pain doesn't stop. On top of that, I don't see the point anymore, nothing I do seems to matter at all. Work has been stressful but I'm managing it okay with some breathing exercises.",2
"Cooked a nice meal tonight and watched a movie, simple but good evening. Went to the gym and it really helped clear my head, would recommend. tl;dr life is hard.",0
"Therapy session went well today, we made some good progress on coping strategies. Also, Had a pretty good day today, went for a walk and grabbed coffee with a friend. throwaway account.",0
"Nobody would even notice if I disappeared, I really believe that. Honestly, I've been having really dark thoughts and I don't know who to tell. Honestly, It feels like there's no way out of this and I'm so tired of fighting it. Honestly, I can't stop crying and I don't even know why anymore, everything hurts.",2
"Some days are okay but most days I just feel numb and tired all the time. Not sure how much longer I can keep pretending everything is fine. Everything feels heavier than it used to, I don't know how to explain it. I keep cancelling plans with friends because I don't have the energy anymore. anyway.",1
"I keep cancelling plans with friends because I don't have the energy anymore. I'm exhausted all the time even when I sleep enough hours. Started missing classes again, can't seem to get out of bed some mornings. long time lurker.",1
"Therapy session went well today, we made some good progress on coping strategies. On top of that, Cooked a nice meal tonight and watched a movie, simple but good evening. sorry for the rant.",0
"Not sure how much longer I can keep pretending everything is fine. Honestly, I'm exhausted all the time even when I sleep enough hours. Honestly, Some days are okay but most days I just feel numb and tired all the time. Honestly, Started missing classes again, can't seem to get out of bed some mornings. just needed to vent.",1
"Therapy session went well today, we made some good progress on coping strategies. Just wanted to share something positive for once, things are looking up. My sleep schedule is finally getting back on track after a rough week.",0
"I feel like I'm just going through the motions lately, nothing feels exciting. Also, Not sure how much longer I can keep pretending everything is fine. Also, My anxiety has been really bad this week, hard to focus on anything at work. Reconnected with an old friend today, it was nice catching up.",1
"I don't know why I'm still here honestly, it just hurts constantly. I don't see the point anymore, nothing I do seems to matter at all. It feels like there's no way out of this and I'm so tired of fighting it.",2
Work has been stressful but I'm managing it okay with some breathing exercises.,0
"I keep thinking about just ending it all, the pain doesn't stop. Also, I can't stop crying and I don't even know why anymore, everything hurts. not sure why I'm posting this.",2
"Just wanted to share something positive for once, things are looking up. Honestly, Finally finished that project I've been putting off, feels great honestly.",0
"I've been isolating myself more and more and I know it's not helping. On top of that, Some days are okay but most days I just feel numb and tired all the time. On top of that, Started missing classes again, can't seem to get out of bed some mornings. On top of that, I'm exhausted all the time even when I sleep enough hours.",1
"Been trying out a new hobby lately and it's actually really relaxing. Went to the gym and it really helped clear my head, would recommend.",0
"I keep cancelling plans with friends because I don't have the energy anymore. Honestly, Not sure how much longer I can keep pretending everything is fine. Honestly, Everything feels heavier than it used to, I don't know how to explain it.",1
I keep cancelling plans with friends because I don't have the energy anymore. I guess Not sure how much longer I can keep pretending everything is fine.,1
"Not sure how much longer I can keep pretending everything is fine. Honestly, I feel like I'm just going through the motions lately, nothing feels exciting. Reconnected with an old friend today, it was nice catching up.",1
"I don't see the point anymore, nothing I do seems to matter at all. I guess I keep thinking about just ending it all, the pain doesn't stop. first time posting here.",2
"I keep thinking about just ending it all, the pain doesn't stop. On top of that, I've been having really dark thoughts and I don't know who to tell.",2
"I can't stop crying and I don't even know why anymore, everything hurts. Also, Nobody would even notice if I disappeared, I really believe that. Also, I can't keep doing this, every single day feels unbearable and pointless. idk.",2
"Had a pretty good day today, went for a walk and grabbed coffee with a friend.",0
"Finally finished that project I've been putting off, feels great honestly. On top of that, My sleep schedule is finally getting back on track after a rough week. just needed to vent.",0
"I don't see the point anymore, nothing I do seems to matter at all. I'm scared of my own thoughts lately, they keep getting darker. It feels like there's no way out of this and I'm so tired of fighting it. long time lurker.",2
"I keep thinking about just ending it all, the pain doesn't stop. Nobody would even notice if I disappeared, I really believe that. I don't see the point anymore, nothing I do seems to matter at all. sorry for the rant.",2
"Just wanted to share something positive for once, things are looking up.",0
"Work has been stressful but I'm managing it okay with some breathing exercises. I guess Went to the gym and it really helped clear my head, would recommend.",0
"I've been isolating myself more and more and I know it's not helping. I feel like I'm just going through the motions lately, nothing feels exciting. Not sure how much longer I can keep pretending everything is fine. Everything feels heavier than it used to, I don't know how to explain it.",1
"I don't know why I'm still here honestly, it just hurts constantly. Honestly, I can't keep doing this, every single day feels unbearable and pointless. Honestly, It feels like there's no way out of this and I'm so tired of fighting it. sorry for the rant.",2
"I don't see the point anymore, nothing I do seems to matter at all. Also, I don't know why I'm still here honestly, it just hurts constantly. Also, I keep thinking about just ending it all, the pain doesn't stop. thanks for reading if you did.",2
"I've been having really dark thoughts and I don't know who to tell. Also, I keep thinking about just ending it all, the pain doesn't stop. Also, I'm scared of my own thoughts lately, they keep getting darker. throwaway account. Reconnected with an old friend today, it was nice catching up.",2
"I don't know why I'm still here honestly, it just hurts constantly. Honestly, I don't see the point anymore, nothing I do seems to matter at all. not sure why I'm posting this.",2
"I'm scared of my own thoughts lately, they keep getting darker. On top of that, I can't keep doing this, every single day feels unbearable and pointless. On top of that, I can't stop crying and I don't even know why anymore, everything hurts. On top of that, I keep thinking about just ending it all, the pain doesn't stop.",2
"I keep thinking about just ending it all, the pain doesn't stop. Also, It feels like there's no way out of this and I'm so tired of fighting it. Also, Nobody would even notice if I disappeared, I really believe that. throwaway account.",2
"Finally finished that project I've been putting off, feels great honestly. Honestly, Cooked a nice meal tonight and watched a movie, simple but good evening. tl;dr life is hard.",0
"I feel completely empty inside, like there's nothing left of me. Nobody would even notice if I disappeared, I really believe that. I don't see the point anymore, nothing I do seems to matter at all. just needed to vent.",2
"Cooked a nice meal tonight and watched a movie, simple but good evening.",0
"Everything feels heavier than it used to, I don't know how to explain it. Also, I keep cancelling plans with friends because I don't have the energy anymore. tl;dr life is hard.",1
"I'm scared of my own thoughts lately, they keep getting darker. I don't know why I'm still here honestly, it just hurts constantly. I can't stop crying and I don't even know why anymore, everything hurts.",2
"Been trying out a new hobby lately and it's actually really relaxing. Also, My sleep schedule is finally getting back on track after a rough week.",0
Work has been stressful but I'm managing it okay with some breathing exercises. anyway.,0
"Finally finished that project I've been putting off, feels great honestly. throwaway account. Just wanted to share something positive for once, things are looking up.",0
"I can't stop crying and I don't even know why anymore, everything hurts. I don't see the point anymore, nothing I do seems to matter at all. I can't keep doing this, every single day feels unbearable and pointless. first time posting here.",2
"I don't see the point anymore, nothing I do seems to matter at all. On top of that, It feels like there's no way out of this and I'm so tired of fighting it.",2
"My sleep schedule is finally getting back on track after a rough week. I guess Reconnected with an old friend today, it was nice catching up. anyway.",0
"I don't see the point anymore, nothing I do seems to matter at all. Also, I feel completely empty inside, like there's nothing left of me. Also, I don't know why I'm still here honestly, it just hurts constantly. Also, It feels like there's no way out of this and I'm so tired of fighting it. Therapy session went well today, we made some good progress on coping strategies.",2
"I'm exhausted all the time even when I sleep enough hours. Honestly, My anxiety has been really bad this week, hard to focus on anything at work. Honestly, I feel like I'm just going through the motions lately, nothing feels exciting. Honestly, Therapy helps a little but I still feel stuck in the same place.",1
"I feel like I'm just going through the motions lately, nothing feels exciting. On top of that, My anxiety has been really bad this week, hard to focus on anything at work. On top of that, I've been isolating myself more and more and I know it's not helping.",1
"I can't keep doing this, every single day feels unbearable and pointless. On top of that, I'm scared of my own thoughts lately, they keep getting darker.",2
"My anxiety has been really bad this week, hard to focus on anything at work. I've been isolating myself more and more and I know it's not helping.",1
"It feels like there's no way out of this and I'm so tired of fighting it. I can't stop crying and I don't even know why anymore, everything hurts. I don't know why I'm still here honestly, it just hurts constantly. Nobody would even notice if I disappeared, I really believe that.",2
"I keep cancelling plans with friends because I don't have the energy anymore. Honestly, Some days are okay but most days I just feel numb and tired all the time. Honestly, Therapy helps a little but I still feel stuck in the same place. Honestly, I'm exhausted all the time even when I sleep enough hours.",1
Been trying out a new hobby lately and it's actually really relaxing.,0
"Therapy helps a little but I still feel stuck in the same place. I guess Started missing classes again, can't seem to get out of bed some mornings. I guess I keep cancelling plans with friends because I don't have the energy anymore. I guess Everything feels heavier than it used to, I don't know how to explain it.",1
"I feel like I'm just going through the motions lately, nothing feels exciting. Also, Everything feels heavier than it used to, I don't know how to explain it.",1
"Just wanted to share something positive for once, things are looking up.",0
"Work has been stressful but I'm managing it okay with some breathing exercises. Also, Went to the gym and it really helped clear my head, would recommend.",0
"It feels like there's no way out of this and I'm so tired of fighting it. I've been having really dark thoughts and I don't know who to tell. I'm scared of my own thoughts lately, they keep getting darker. just needed to vent.",2
"Started missing classes again, can't seem to get out of bed some mornings. I guess I keep cancelling plans with friends because I don't have the energy anymore. I guess Not sure how much longer I can keep pretending everything is fine. I guess Therapy helps a little but I still feel stuck in the same place. just needed to vent.",1
"I keep cancelling plans with friends because I don't have the energy anymore. On top of that, Not sure how much longer I can keep pretending everything is fine. On top of that, Everything feels heavier than it used to, I don't know how to explain it. On top of that, Started missing classes again, can't seem to get out of bed some mornings.",1
"Cooked a nice meal tonight and watched a movie, simple but good evening. Work has been stressful but I'm managing it okay with some breathing exercises.",0
"My anxiety has been really bad this week, hard to focus on anything at work. Also, Started missing classes again, can't seem to get out of bed some mornings. sorry for the rant.",1
"Just wanted to share something positive for once, things are looking up. Honestly, Been trying out a new hobby lately and it's actually really relaxing. first time posting here.",0
"Had a pretty good day today, went for a walk and grabbed coffee with a friend.",0
"Reconnected with an old friend today, it was nice catching up.",0
"Went to the gym and it really helped clear my head, would recommend. Just wanted to share something positive for once, things are looking up.",0
"I feel completely empty inside, like there's nothing left of me. On top of that, I've been having really dark thoughts and I don't know who to tell. On top of that, I'm scared of my own thoughts lately, they keep getting darker. On top of that, I can't keep doing this, every single day feels unbearable and pointless. anyway.",2
"Everything feels heavier than it used to, I don't know how to explain it. Honestly, I'm exhausted all the time even when I sleep enough hours. Had a pretty good day today, went for a walk and grabbed coffee with a friend.",1
"Not sure how much longer I can keep pretending everything is fine. Started missing classes again, can't seem to get out of bed some mornings. I'm exhausted all the time even when I sleep enough hours. throwaway account. Work has been stressful but I'm managing it okay with some breathing exercises.",1
"Not sure how much longer I can keep pretending everything is fine. I guess I'm exhausted all the time even when I sleep enough hours. I guess I feel like I'm just going through the motions lately, nothing feels exciting. Went to the gym and it really helped clear my head, would recommend.",1
Not sure how much longer I can keep pretending everything is fine. I keep cancelling plans with friends because I don't have the energy anymore. I've been isolating myself more and more and I know it's not helping. Therapy helps a little but I still feel stuck in the same place. just needed to vent.,1
"I can't keep doing this, every single day feels unbearable and pointless. I don't know why I'm still here honestly, it just hurts constantly.",2
"Reconnected with an old friend today, it was nice catching up.",0
"I've been having really dark thoughts and I don't know who to tell. I guess I don't know why I'm still here honestly, it just hurts constantly. idk.",2
"Finally finished that project I've been putting off, feels great honestly. On top of that, My sleep schedule is finally getting back on track after a rough week.",0
"It feels like there's no way out of this and I'm so tired of fighting it. I don't see the point anymore, nothing I do seems to matter at all.",2
"Reconnected with an old friend today, it was nice catching up. Had a pretty good day today, went for a walk and grabbed coffee with a friend.",0
"I don't see the point anymore, nothing I do seems to matter at all. On top of that, I keep thinking about just ending it all, the pain doesn't stop.",2
"I don't see the point anymore, nothing I do seems to matter at all. On top of that, I don't know why I'm still here honestly, it just hurts constantly.",2
"I don't see the point anymore, nothing I do seems to matter at all. I guess I can't stop crying and I don't even know why anymore, everything hurts. thanks for reading if you did.",2
"I can't keep doing this, every single day feels unbearable and pointless. I'm scared of my own thoughts lately, they keep getting darker. long time lurker.",2
"I don't know why I'm still here honestly, it just hurts constantly. Honestly, I can't stop crying and I don't even know why anymore, everything hurts. Honestly, I don't see the point anymore, nothing I do seems to matter at all.",2
"I don't see the point anymore, nothing I do seems to matter at all. Honestly, I've been having really dark thoughts and I don't know who to tell. first time posting here.",2
"I can't keep doing this, every single day feels unbearable and pointless. Honestly, I've been having really dark thoughts and I don't know who to tell. Honestly, I feel completely empty inside, like there's nothing left of me. Honestly, Nobody would even notice if I disappeared, I really believe that. Been trying out a new hobby lately and it's actually really relaxing.",2
"I don't see the point anymore, nothing I do seems to matter at all. I'm scared of my own thoughts lately, they keep getting darker. It feels like there's no way out of this and I'm so tired of fighting it.",2
"Just wanted to share something positive for once, things are looking up. Honestly, Cooked a nice meal tonight and watched a movie, simple but good evening.",0
"I feel completely empty inside, like there's nothing left of me. It feels like there's no way out of this and I'm so tired of fighting it. I'm scared of my own thoughts lately, they keep getting darker.",2
"Some days are okay but most days I just feel numb and tired all the time. Started missing classes again, can't seem to get out of bed some mornings. first time posting here. Cooked a nice meal tonight and watched a movie, simple but good evening.",1
"Cooked a nice meal tonight and watched a movie, simple but good evening.",0
"Started missing classes again, can't seem to get out of bed some mornings. Also, Everything feels heavier than it used to, I don't know how to explain it. Also, I'm exhausted all the time even when I sleep enough hours. idk.",1
"I feel completely empty inside, like there's nothing left of me. Nobody would even notice if I disappeared, I really believe that. I'm scared of my own thoughts lately, they keep getting darker. I don't know why I'm still here honestly, it just hurts constantly. anyway.",2
"Therapy session went well today, we made some good progress on coping strategies. Honestly, Had a pretty good day today, went for a walk and grabbed coffee with a friend.",0
"I feel like I'm just going through the motions lately, nothing feels exciting. Not sure how much longer I can keep pretending everything is fine. I've been isolating myself more and more and I know it's not helping. I keep cancelling plans with friends because I don't have the energy anymore.",1
"Reconnected with an old friend today, it was nice catching up. thanks for reading if you did. Work has been stressful but I'm managing it okay with some breathing exercises.",0
"I'm scared of my own thoughts lately, they keep getting darker. On top of that, I keep thinking about just ending it all, the pain doesn't stop. On top of that, It feels like there's no way out of this and I'm so tired of fighting it. throwaway account.",2
"Started missing classes again, can't seem to get out of bed some mornings. I feel like I'm just going through the motions lately, nothing feels exciting. I've been isolating myself more and more and I know it's not helping. I'm exhausted all the time even when I sleep enough hours.",1
"I'm exhausted all the time even when I sleep enough hours. I guess Everything feels heavier than it used to, I don't know how to explain it. I guess Some days are okay but most days I just feel numb and tired all the time. I guess Therapy helps a little but I still feel stuck in the same place. sorry for the rant.",1
"I keep thinking about just ending it all, the pain doesn't stop. I don't see the point anymore, nothing I do seems to matter at all.",2
"It feels like there's no way out of this and I'm so tired of fighting it. I've been having really dark thoughts and I don't know who to tell. I keep thinking about just ending it all, the pain doesn't stop.",2
"Finally finished that project I've been putting off, feels great honestly. Reconnected with an old friend today, it was nice catching up.",0
"I'm scared of my own thoughts lately, they keep getting darker. On top of that, I keep thinking about just ending it all, the pain doesn't stop. tl;dr life is hard.",2
"I don't see the point anymore, nothing I do seems to matter at all. On top of that, Nobody would even notice if I disappeared, I really believe that.",2
"Had a pretty good day today, went for a walk and grabbed coffee with a friend. On top of that, Finally finished that project I've been putting off, feels great honestly. sorry for the rant.",0
My sleep schedule is finally getting back on track after a rough week. sorry for the rant.,0
"I've been having really dark thoughts and I don't know who to tell. I guess I can't stop crying and I don't even know why anymore, everything hurts. I guess I feel completely empty inside, like there's nothing left of me. Therapy session went well today, we made some good progress on coping strategies.",2
"I can't stop crying and I don't even know why anymore, everything hurts. I can't keep doing this, every single day feels unbearable and pointless. sorry for the rant.",2
"Went to the gym and it really helped clear my head, would recommend.",0
Therapy helps a little but I still feel stuck in the same place. I guess I'm exhausted all the time even when I sleep enough hours. I guess Some days are okay but most days I just feel numb and tired all the time. long time lurker.,1
I've been isolating myself more and more and I know it's not helping. I guess I keep cancelling plans with friends because I don't have the energy anymore. I guess Some days are okay but most days I just feel numb and tired all the time. sorry for the rant.,1
"Finally finished that project I've been putting off, feels great honestly. Honestly, Cooked a nice meal tonight and watched a movie, simple but good evening.",0
"Therapy session went well today, we made some good progress on coping strategies.",0
"Went to the gym and it really helped clear my head, would recommend. Honestly, Been trying out a new hobby lately and it's actually really relaxing. Cooked a nice meal tonight and watched a movie, simple but good evening.",0
"I'm exhausted all the time even when I sleep enough hours. Honestly, My anxiety has been really bad this week, hard to focus on anything at work. Honestly, I've been isolating myself more and more and I know it's not helping. Honestly, I keep cancelling plans with friends because I don't have the energy anymore.",1
"I've been having really dark thoughts and I don't know who to tell. On top of that, I can't stop crying and I don't even know why anymore, everything hurts. On top of that, I'm scared of my own thoughts lately, they keep getting darker. On top of that, Nobody would even notice if I disappeared, I really believe that.",2
"Work has been stressful but I'm managing it okay with some breathing exercises. Just wanted to share something positive for once, things are looking up.",0
"It feels like there's no way out of this and I'm so tired of fighting it. I don't know why I'm still here honestly, it just hurts constantly. Nobody would even notice if I disappeared, I really believe that. idk.",2
"I'm scared of my own thoughts lately, they keep getting darker. I guess Nobody would even notice if I disappeared, I really believe that. I guess It feels like there's no way out of this and I'm so tired of fighting it. I guess I've been having really dark thoughts and I don't know who to tell.",2
My sleep schedule is finally getting back on track after a rough week. first time posting here.,0
"I can't keep doing this, every single day feels unbearable and pointless. Also, I don't know why I'm still here honestly, it just hurts constantly. Had a pretty good day today, went for a walk and grabbed coffee with a friend.",2
"Finally finished that project I've been putting off, feels great honestly.",0
"Some days are okay but most days I just feel numb and tired all the time. I guess I feel like I'm just going through the motions lately, nothing feels exciting. I guess I'm exhausted all the time even when I sleep enough hours.",1
"Not sure how much longer I can keep pretending everything is fine. Also, Everything feels heavier than it used to, I don't know how to explain it. Also, Started missing classes again, can't seem to get out of bed some mornings. idk.",1
"I feel like I'm just going through the motions lately, nothing feels exciting. Honestly, Some days are okay but most days I just feel numb and tired all the time. Honestly, Everything feels heavier than it used to, I don't know how to explain it. Honestly, I'm exhausted all the time even when I sleep enough hours.",1
"I can't keep doing this, every single day feels unbearable and pointless. Also, I'm scared of my own thoughts lately, they keep getting darker. Also, I feel completely empty inside, like there's nothing left of me.",2
"I keep thinking about just ending it all, the pain doesn't stop. I can't stop crying and I don't even know why anymore, everything hurts. I can't keep doing this, every single day feels unbearable and pointless.",2
"I don't know why I'm still here honestly, it just hurts constantly. On top of that, It feels like there's no way out of this and I'm so tired of fighting it. On top of that, I can't keep doing this, every single day feels unbearable and pointless. On top of that, I feel completely empty inside, like there's nothing left of me. throwaway account.",2
"Not sure how much longer I can keep pretending everything is fine. On top of that, Started missing classes again, can't seem to get out of bed some mornings. On top of that, Some days are okay but most days I just feel numb and tired all the time. idk.",1
"I'm exhausted all the time even when I sleep enough hours. Also, Everything feels heavier than it used to, I don't know how to explain it. Also, My anxiety has been really bad this week, hard to focus on anything at work.",1
"I feel like I'm just going through the motions lately, nothing feels exciting. Some days are okay but most days I just feel numb and tired all the time. I keep cancelling plans with friends because I don't have the energy anymore. I've been isolating myself more and more and I know it's not helping. idk.",1
"My sleep schedule is finally getting back on track after a rough week. Went to the gym and it really helped clear my head, would recommend. first time posting here.",0
"I can't stop crying and I don't even know why anymore, everything hurts. Honestly, I'm scared of my own thoughts lately, they keep getting darker. Honestly, Nobody would even notice if I disappeared, I really believe that. Honestly, I don't know why I'm still here honestly, it just hurts constantly.",2
"I've been having really dark thoughts and I don't know who to tell. I guess I keep thinking about just ending it all, the pain doesn't stop. I guess I can't stop crying and I don't even know why anymore, everything hurts. throwaway account.",2
"My anxiety has been really bad this week, hard to focus on anything at work. Therapy helps a little but I still feel stuck in the same place. Not sure how much longer I can keep pretending everything is fine. I'm exhausted all the time even when I sleep enough hours. long time lurker.",1
"Work has been stressful but I'm managing it okay with some breathing exercises. Therapy session went well today, we made some good progress on coping strategies. throwaway account.",0
"Finally finished that project I've been putting off, feels great honestly.",0
"It feels like there's no way out of this and I'm so tired of fighting it. Honestly, I've been having really dark thoughts and I don't know who to tell. Honestly, I keep thinking about just ending it all, the pain doesn't stop.",2
"I can't stop crying and I don't even know why anymore, everything hurts. Also, I've been having really dark thoughts and I don't know who to tell. Also, I feel completely empty inside, like there's nothing left of me.",2
"I feel completely empty inside, like there's nothing left of me. I can't stop crying and I don't even know why anymore, everything hurts. I don't know why I'm still here honestly, it just hurts constantly. anyway.",2
"My anxiety has been really bad this week, hard to focus on anything at work. I'm exhausted all the time even when I sleep enough hours. anyway.",1
"Everything feels heavier than it used to, I don't know how to explain it. Honestly, My anxiety has been really bad this week, hard to focus on anything at work. Honestly, Started missing classes again, can't seem to get out of bed some mornings. Honestly, Some days are okay but most days I just feel numb and tired all the time.",1
"I keep cancelling plans with friends because I don't have the energy anymore. Also, Everything feels heavier than it used to, I don't know how to explain it. Went to the gym and it really helped clear my head, would recommend.",1
"Just wanted to share something positive for once, things are looking up.",0
"Therapy session went well today, we made some good progress on coping strategies. I guess Had a pretty good day today, went for a walk and grabbed coffee with a friend. My sleep schedule is finally getting back on track after a rough week.",0
"I keep thinking about just ending it all, the pain doesn't stop. I guess I don't see the point anymore, nothing I do seems to matter at all.",2
My sleep schedule is finally getting back on track after a rough week. Been trying out a new hobby lately and it's actually really relaxing.,0
"I feel completely empty inside, like there's nothing left of me. Honestly, I'm scared of my own thoughts lately, they keep getting darker. Honestly, I've been having really dark thoughts and I don't know who to tell. Honestly, I don't see the point anymore, nothing I do seems to matter at all.",2
"Went to the gym and it really helped clear my head, would recommend. On top of that, Work has been stressful but I'm managing it okay with some breathing exercises.",0
"I've been isolating myself more and more and I know it's not helping. Also, My anxiety has been really bad this week, hard to focus on anything at work. Also, Some days are okay but most days I just feel numb and tired all the time.",1
"I've been isolating myself more and more and I know it's not helping. Also, Some days are okay but most days I just feel numb and tired all the time. Also, Not sure how much longer I can keep pretending everything is fine.",1
"Everything feels heavier than it used to, I don't know how to explain it. On top of that, Therapy helps a little but I still feel stuck in the same place. On top of that, Not sure how much longer I can keep pretending everything is fine. On top of that, I'm exhausted all the time even when I sleep enough hours.",1
Work has been stressful but I'm managing it okay with some breathing exercises.,0
"Finally finished that project I've been putting off, feels great honestly. I guess Just wanted to share something positive for once, things are looking up.",0
"Went to the gym and it really helped clear my head, would recommend.",0
"Some days are okay but most days I just feel numb and tired all the time. Also, I'm exhausted all the time even when I sleep enough hours. Also, Not sure how much longer I can keep pretending everything is fine. My sleep schedule is finally getting back on track after a rough week.",1
"Cooked a nice meal tonight and watched a movie, simple but good evening. Just wanted to share something positive for once, things are looking up.",0
"I keep cancelling plans with friends because I don't have the energy anymore. I guess Therapy helps a little but I still feel stuck in the same place. I guess Everything feels heavier than it used to, I don't know how to explain it. I guess My anxiety has been really bad this week, hard to focus on anything at work. not sure why I'm posting this.",1
"It feels like there's no way out of this and I'm so tired of fighting it. On top of that, I can't stop crying and I don't even know why anymore, everything hurts. not sure why I'm posting this.",2
"Been trying out a new hobby lately and it's actually really relaxing. Finally finished that project I've been putting off, feels great honestly. throwaway account.",0
"Everything feels heavier than it used to, I don't know how to explain it. Some days are okay but most days I just feel numb and tired all the time. Not sure how much longer I can keep pretending everything is fine. long time lurker.",1
"I feel completely empty inside, like there's nothing left of me. I guess I'm scared of my own thoughts lately, they keep getting darker. I guess I don't see the point anymore, nothing I do seems to matter at all.",2
"I can't stop crying and I don't even know why anymore, everything hurts. Honestly, I'm scared of my own thoughts lately, they keep getting darker. Honestly, Nobody would even notice if I disappeared, I really believe that. Honestly, I don't see the point anymore, nothing I do seems to matter at all.",2
"I've been having really dark thoughts and I don't know who to tell. I guess It feels like there's no way out of this and I'm so tired of fighting it. I guess I can't keep doing this, every single day feels unbearable and pointless. I guess I can't stop crying and I don't even know why anymore, everything hurts.",2
"Finally finished that project I've been putting off, feels great honestly. Went to the gym and it really helped clear my head, would recommend. anyway.",0
"I don't see the point anymore, nothing I do seems to matter at all. Also, I keep thinking about just ending it all, the pain doesn't stop. first time posting here.",2
"I feel completely empty inside, like there's nothing left of me. I guess I don't know why I'm still here honestly, it just hurts constantly. I guess I can't keep doing this, every single day feels unbearable and pointless. I guess I can't stop crying and I don't even know why anymore, everything hurts. idk.",2
"It feels like there's no way out of this and I'm so tired of fighting it. I guess I'm scared of my own thoughts lately, they keep getting darker. I guess Nobody would even notice if I disappeared, I really believe that. sorry for the rant.",2
"I can't keep doing this, every single day feels unbearable and pointless. I can't stop crying and I don't even know why anymore, everything hurts. I feel completely empty inside, like there's nothing left of me. tl;dr life is hard. Work has been stressful but I'm managing it okay with some breathing exercises.",2
"Some days are okay but most days I just feel numb and tired all the time. Also, I keep cancelling plans with friends because I don't have the energy anymore. Also, I'm exhausted all the time even when I sleep enough hours.",1
"Nobody would even notice if I disappeared, I really believe that. I feel completely empty inside, like there's nothing left of me.",2
"I don't see the point anymore, nothing I do seems to matter at all. I guess I can't stop crying and I don't even know why anymore, everything hurts. I guess I don't know why I'm still here honestly, it just hurts constantly.",2
"Started missing classes again, can't seem to get out of bed some mornings. I feel like I'm just going through the motions lately, nothing feels exciting.",1
"I keep thinking about just ending it all, the pain doesn't stop. I guess It feels like there's no way out of this and I'm so tired of fighting it.",2
"I keep cancelling plans with friends because I don't have the energy anymore. Everything feels heavier than it used to, I don't know how to explain it. I'm exhausted all the time even when I sleep enough hours. Work has been stressful but I'm managing it okay with some breathing exercises.",1
"Started missing classes again, can't seem to get out of bed some mornings. On top of that, I keep cancelling plans with friends because I don't have the energy anymore. just needed to vent.",1
"Reconnected with an old friend today, it was nice catching up. I guess Work has been stressful but I'm managing it okay with some breathing exercises. long time lurker.",0
"Reconnected with an old friend today, it was nice catching up. Work has been stressful but I'm managing it okay with some breathing exercises.",0
"I'm scared of my own thoughts lately, they keep getting darker. Also, I don't know why I'm still here honestly, it just hurts constantly. Cooked a nice meal tonight and watched a movie, simple but good evening.",2
"My anxiety has been really bad this week, hard to focus on anything at work. I feel like I'm just going through the motions lately, nothing feels exciting. Had a pretty good day today, went for a walk and grabbed coffee with a friend.",1
"Just wanted to share something positive for once, things are looking up.",0
"I'm scared of my own thoughts lately, they keep getting darker. Honestly, I keep thinking about just ending it all, the pain doesn't stop. Honestly, I don't know why I'm still here honestly, it just hurts constantly. anyway.",2
"I feel like I'm just going through the motions lately, nothing feels exciting. I'm exhausted all the time even when I sleep enough hours. Some days are okay but most days I just feel numb and tired all the time. Therapy helps a little but I still feel stuck in the same place.",1
"I'm exhausted all the time even when I sleep enough hours. Honestly, My anxiety has been really bad this week, hard to focus on anything at work.",1
"I'm scared of my own thoughts lately, they keep getting darker. I don't see the point anymore, nothing I do seems to matter at all. I don't know why I'm still here honestly, it just hurts constantly. Nobody would even notice if I disappeared, I really believe that. idk.",2
"My anxiety has been really bad this week, hard to focus on anything at work. Also, Therapy helps a little but I still feel stuck in the same place.",1
"I'm exhausted all the time even when I sleep enough hours. Honestly, I've been isolating myself more and more and I know it's not helping. Honestly, Some days are okay but most days I just feel numb and tired all the time. Honestly, Not sure how much longer I can keep pretending everything is fine. Work has been stressful but I'm managing it okay with some breathing exercises.",1
"My anxiety has been really bad this week, hard to focus on anything at work. I've been isolating myself more and more and I know it's not helping. thanks for reading if you did.",1
"Therapy helps a little but I still feel stuck in the same place. Also, Not sure how much longer I can keep pretending everything is fine. thanks for reading if you did.",1
"I feel like I'm just going through the motions lately, nothing feels exciting. Honestly, I keep cancelling plans with friends because I don't have the energy anymore.",1
"Just wanted to share something positive for once, things are looking up. idk.",0
"I've been having really dark thoughts and I don't know who to tell. I keep thinking about just ending it all, the pain doesn't stop. I feel completely empty inside, like there's nothing left of me. I can't keep doing this, every single day feels unbearable and pointless.",2
"I keep thinking about just ending it all, the pain doesn't stop. Also, I can't stop crying and I don't even know why anymore, everything hurts. Also, I can't keep doing this, every single day feels unbearable and pointless. Also, I don't know why I'm still here honestly, it just hurts constantly.",2
"Some days are okay but most days I just feel numb and tired all the time. I'm exhausted all the time even when I sleep enough hours. I keep cancelling plans with friends because I don't have the energy anymore. Cooked a nice meal tonight and watched a movie, simple but good evening.",1
Some days are okay but most days I just feel numb and tired all the time. Not sure how much longer I can keep pretending everything is fine.,1
"I can't stop crying and I don't even know why anymore, everything hurts. Honestly, I don't know why I'm still here honestly, it just hurts constantly. Honestly, I'm scared of my own thoughts lately, they keep getting darker. Honestly, Nobody would even notice if I disappeared, I really believe that. not sure why I'm posting this. Reconnected with an old friend today, it was nice catching up.",2
"I keep thinking about just ending it all, the pain doesn't stop. Also, I don't know why I'm still here honestly, it just hurts constantly. Also, I can't keep doing this, every single day feels unbearable and pointless. Also, I've been having really dark thoughts and I don't know who to tell.",2
"I don't know why I'm still here honestly, it just hurts constantly. Also, I keep thinking about just ending it all, the pain doesn't stop. Also, I've been having really dark thoughts and I don't know who to tell. thanks for reading if you did.",2
"I've been having really dark thoughts and I don't know who to tell. On top of that, I can't stop crying and I don't even know why anymore, everything hurts.",2
"I don't know why I'm still here honestly, it just hurts constantly. Also, It feels like there's no way out of this and I'm so tired of fighting it. Also, I can't stop crying and I don't even know why anymore, everything hurts.",2
"I feel completely empty inside, like there's nothing left of me. I guess I'm scared of my own thoughts lately, they keep getting darker. I guess It feels like there's no way out of this and I'm so tired of fighting it.",2
"I'm scared of my own thoughts lately, they keep getting darker. I can't stop crying and I don't even know why anymore, everything hurts.",2
"I can't keep doing this, every single day feels unbearable and pointless. I guess I can't stop crying and I don't even know why anymore, everything hurts.",2
"Went to the gym and it really helped clear my head, would recommend. sorry for the rant. Went to the gym and it really helped clear my head, would recommend.",0
"Went to the gym and it really helped clear my head, would recommend. tl;dr life is hard.",0
Work has been stressful but I'm managing it okay with some breathing exercises.,0
"I can't stop crying and I don't even know why anymore, everything hurts. Also, I can't keep doing this, every single day feels unbearable and pointless. Also, I'm scared of my own thoughts lately, they keep getting darker. Also, I keep thinking about just ending it all, the pain doesn't stop.",2
Work has been stressful but I'm managing it okay with some breathing exercises. just needed to vent.,0
"I've been having really dark thoughts and I don't know who to tell. On top of that, I'm scared of my own thoughts lately, they keep getting darker. On top of that, I can't stop crying and I don't even know why anymore, everything hurts. On top of that, Nobody would even notice if I disappeared, I really believe that.",2
"Had a pretty good day today, went for a walk and grabbed coffee with a friend. Just wanted to share something positive for once, things are looking up. throwaway account.",0
"I don't know why I'm still here honestly, it just hurts constantly. Also, I keep thinking about just ending it all, the pain doesn't stop. Also, I'm scared of my own thoughts lately, they keep getting darker. Also, Nobody would even notice if I disappeared, I really believe that. thanks for reading if you did.",2
"I'm scared of my own thoughts lately, they keep getting darker. On top of that, It feels like there's no way out of this and I'm so tired of fighting it.",2
"I can't keep doing this, every single day feels unbearable and pointless. On top of that, I don't know why I'm still here honestly, it just hurts constantly. tl;dr life is hard.",2
"Had a pretty good day today, went for a walk and grabbed coffee with a friend. anyway.",0
"I'm scared of my own thoughts lately, they keep getting darker. Also, I keep thinking about just ending it all, the pain doesn't stop. anyway.",2
"Went to the gym and it really helped clear my head, would recommend. I guess Been trying out a new hobby lately and it's actually really relaxing. Work has been stressful but I'm managing it okay with some breathing exercises.",0
"I don't know why I'm still here honestly, it just hurts constantly. I guess It feels like there's no way out of this and I'm so tired of fighting it. I guess I keep thinking about just ending it all, the pain doesn't stop. I guess Nobody would even notice if I disappeared, I really believe that. idk.",2
"I feel like I'm just going through the motions lately, nothing feels exciting. I guess Some days are okay but most days I just feel numb and tired all the time. Work has been stressful but I'm managing it okay with some breathing exercises.",1
"I don't know why I'm still here honestly, it just hurts constantly. It feels like there's no way out of this and I'm so tired of fighting it. I'm scared of my own thoughts lately, they keep getting darker.",2
"I can't stop crying and I don't even know why anymore, everything hurts. Honestly, I don't know why I'm still here honestly, it just hurts constantly. Honestly, I can't keep doing this, every single day feels unbearable and pointless. Honestly, I feel completely empty inside, like there's nothing left of me.",2
Been trying out a new hobby lately and it's actually really relaxing.,0
"My anxiety has been really bad this week, hard to focus on anything at work. On top of that, I've been isolating myself more and more and I know it's not helping. On top of that, Some days are okay but most days I just feel numb and tired all the time. On top of that, Therapy helps a little but I still feel stuck in the same place. not sure why I'm posting this.",1
"Not sure how much longer I can keep pretending everything is fine. On top of that, I've been isolating myself more and more and I know it's not helping. On top of that, My anxiety has been really bad this week, hard to focus on anything at work. On top of that, Therapy helps a little but I still feel stuck in the same place. Went to the gym and it really helped clear my head, would recommend.",1
"Nobody would even notice if I disappeared, I really believe that. On top of that, I'm scared of my own thoughts lately, they keep getting darker. On top of that, I can't stop crying and I don't even know why anymore, everything hurts. Just wanted to share something positive for once, things are looking up.",2
"My sleep schedule is finally getting back on track after a rough week. On top of that, Been trying out a new hobby lately and it's actually really relaxing. idk. Went to the gym and it really helped clear my head, would recommend.",0
"Went to the gym and it really helped clear my head, would recommend. sorry for the rant.",0
"I don't know why I'm still here honestly, it just hurts constantly. I guess I can't keep doing this, every single day feels unbearable and pointless. I guess Nobody would even notice if I disappeared, I really believe that.",2
"I don't know why I'm still here honestly, it just hurts constantly. I keep thinking about just ending it all, the pain doesn't stop.",2
"I can't stop crying and I don't even know why anymore, everything hurts. I'm scared of my own thoughts lately, they keep getting darker. I keep thinking about just ending it all, the pain doesn't stop. thanks for reading if you did.",2
Been trying out a new hobby lately and it's actually really relaxing. anyway.,0
"It feels like there's no way out of this and I'm so tired of fighting it. I'm scared of my own thoughts lately, they keep getting darker. I can't stop crying and I don't even know why anymore, everything hurts. anyway. Been trying out a new hobby lately and it's actually really relaxing.",2
"I've been isolating myself more and more and I know it's not helping. Honestly, Started missing classes again, can't seem to get out of bed some mornings. Honestly, I'm exhausted all the time even when I sleep enough hours. Honestly, Not sure how much longer I can keep pretending everything is fine.",1
"Nobody would even notice if I disappeared, I really believe that. On top of that, I can't keep doing this, every single day feels unbearable and pointless. On top of that, I feel completely empty inside, like there's nothing left of me. On top of that, I keep thinking about just ending it all, the pain doesn't stop.",2
"Been trying out a new hobby lately and it's actually really relaxing. Honestly, Therapy session went well today, we made some good progress on coping strategies. idk. Cooked a nice meal tonight and watched a movie, simple but good evening.",0
"My sleep schedule is finally getting back on track after a rough week. Honestly, Reconnected with an old friend today, it was nice catching up. idk.",0
"Went to the gym and it really helped clear my head, would recommend. Cooked a nice meal tonight and watched a movie, simple but good evening. not sure why I'm posting this.",0
"Therapy session went well today, we made some good progress on coping strategies. I guess Been trying out a new hobby lately and it's actually really relaxing.",0
"Therapy session went well today, we made some good progress on coping strategies.",0
"I can't stop crying and I don't even know why anymore, everything hurts. Honestly, I keep thinking about just ending it all, the pain doesn't stop. anyway.",2
"Cooked a nice meal tonight and watched a movie, simple but good evening. On top of that, Had a pretty good day today, went for a walk and grabbed coffee with a friend.",0
"I'm exhausted all the time even when I sleep enough hours. Honestly, Therapy helps a little but I still feel stuck in the same place. Honestly, Started missing classes again, can't seem to get out of bed some mornings. anyway.",1
"My anxiety has been really bad this week, hard to focus on anything at work. I keep cancelling plans with friends because I don't have the energy anymore.",1
"I feel like I'm just going through the motions lately, nothing feels exciting. My anxiety has been really bad this week, hard to focus on anything at work.",1
"Therapy helps a little but I still feel stuck in the same place. Honestly, I'm exhausted all the time even when I sleep enough hours. Honestly, I've been isolating myself more and more and I know it's not helping.",1
"Started missing classes again, can't seem to get out of bed some mornings. Also, I feel like I'm just going through the motions lately, nothing feels exciting.",1
"It feels like there's no way out of this and I'm so tired of fighting it. Honestly, I can't keep doing this, every single day feels unbearable and pointless. thanks for reading if you did. Reconnected with an old friend today, it was nice catching up.",2
"Everything feels heavier than it used to, I don't know how to explain it. On top of that, Some days are okay but most days I just feel numb and tired all the time. On top of that, Started missing classes again, can't seem to get out of bed some mornings. On top of that, I keep cancelling plans with friends because I don't have the energy anymore. just needed to vent.",1
"Work has been stressful but I'm managing it okay with some breathing exercises. Had a pretty good day today, went for a walk and grabbed coffee with a friend.",0
"My sleep schedule is finally getting back on track after a rough week. Also, Therapy session went well today, we made some good progress on coping strategies. Had a pretty good day today, went for a walk and grabbed coffee with a friend.",0
"Not sure how much longer I can keep pretending everything is fine. I guess My anxiety has been really bad this week, hard to focus on anything at work.",1
"I can't keep doing this, every single day feels unbearable and pointless. Also, I keep thinking about just ending it all, the pain doesn't stop. Also, I've been having really dark thoughts and I don't know who to tell. Also, Nobody would even notice if I disappeared, I really believe that.",2
"Went to the gym and it really helped clear my head, would recommend.",0
"It feels like there's no way out of this and I'm so tired of fighting it. I don't see the point anymore, nothing I do seems to matter at all. idk.",2
"I'm scared of my own thoughts lately, they keep getting darker. Honestly, I don't know why I'm still here honestly, it just hurts constantly. Honestly, I can't keep doing this, every single day feels unbearable and pointless. Honestly, I can't stop crying and I don't even know why anymore, everything hurts. just needed to vent.",2
"Went to the gym and it really helped clear my head, would recommend. idk.",0
"Went to the gym and it really helped clear my head, would recommend. Also, Reconnected with an old friend today, it was nice catching up. sorry for the rant.",0
"My sleep schedule is finally getting back on track after a rough week. Honestly, Finally finished that project I've been putting off, feels great honestly.",0
"Therapy session went well today, we made some good progress on coping strategies. Went to the gym and it really helped clear my head, would recommend.",0
"Not sure how much longer I can keep pretending everything is fine. Also, My anxiety has been really bad this week, hard to focus on anything at work. Also, Everything feels heavier than it used to, I don't know how to explain it. Also, I keep cancelling plans with friends because I don't have the energy anymore. thanks for reading if you did.",1
"I keep cancelling plans with friends because I don't have the energy anymore. My anxiety has been really bad this week, hard to focus on anything at work. Everything feels heavier than it used to, I don't know how to explain it.",1
"Finally finished that project I've been putting off, feels great honestly. sorry for the rant.",0
"Work has been stressful but I'm managing it okay with some breathing exercises. Therapy session went well today, we made some good progress on coping strategies. thanks for reading if you did. My sleep schedule is finally getting back on track after a rough week.",0
"Therapy session went well today, we made some good progress on coping strategies.",0
"Some days are okay but most days I just feel numb and tired all the time. I guess Not sure how much longer I can keep pretending everything is fine. I guess My anxiety has been really bad this week, hard to focus on anything at work. I guess I feel like I'm just going through the motions lately, nothing feels exciting. tl;dr life is hard.",1
"Everything feels heavier than it used to, I don't know how to explain it. I guess I keep cancelling plans with friends because I don't have the energy anymore. I guess Started missing classes again, can't seem to get out of bed some mornings.",1
Some days are okay but most days I just feel numb and tired all the time. Therapy helps a little but I still feel stuck in the same place. I'm exhausted all the time even when I sleep enough hours. I keep cancelling plans with friends because I don't have the energy anymore.,1
"Not sure how much longer I can keep pretending everything is fine. Also, I'm exhausted all the time even when I sleep enough hours. tl;dr life is hard.",1
"I've been isolating myself more and more and I know it's not helping. On top of that, Not sure how much longer I can keep pretending everything is fine.",1
"I can't keep doing this, every single day feels unbearable and pointless. I've been having really dark thoughts and I don't know who to tell.",2
"I feel like I'm just going through the motions lately, nothing feels exciting. Honestly, Some days are okay but most days I just feel numb and tired all the time. Honestly, Everything feels heavier than it used to, I don't know how to explain it. Honestly, Not sure how much longer I can keep pretending everything is fine.",1
"Just wanted to share something positive for once, things are looking up. Been trying out a new hobby lately and it's actually really relaxing. Finally finished that project I've been putting off, feels great honestly.",0
"Reconnected with an old friend today, it was nice catching up. first time posting here.",0
"I'm scared of my own thoughts lately, they keep getting darker. Honestly, I don't know why I'm still here honestly, it just hurts constantly.",2
"Some days are okay but most days I just feel numb and tired all the time. I'm exhausted all the time even when I sleep enough hours. My anxiety has been really bad this week, hard to focus on anything at work. Started missing classes again, can't seem to get out of bed some mornings. thanks for reading if you did. Went to the gym and it really helped clear my head, would recommend.",1
"Therapy helps a little but I still feel stuck in the same place. Also, Started missing classes again, can't seem to get out of bed some mornings.",1
"Cooked a nice meal tonight and watched a movie, simple but good evening. Honestly, Work has been stressful but I'm managing it okay with some breathing exercises.",0
"I don't see the point anymore, nothing I do seems to matter at all. Honestly, I can't keep doing this, every single day feels unbearable and pointless. Therapy session went well today, we made some good progress on coping strategies.",2
"My anxiety has been really bad this week, hard to focus on anything at work. Honestly, Therapy helps a little but I still feel stuck in the same place. Honestly, I keep cancelling plans with friends because I don't have the energy anymore. Honestly, Started missing classes again, can't seem to get out of bed some mornings. throwaway account.",1
"Cooked a nice meal tonight and watched a movie, simple but good evening. idk.",0
"I'm scared of my own thoughts lately, they keep getting darker. On top of that, I can't stop crying and I don't even know why anymore, everything hurts. On top of that, I've been having really dark thoughts and I don't know who to tell.",2
"It feels like there's no way out of this and I'm so tired of fighting it. Honestly, I can't stop crying and I don't even know why anymore, everything hurts. Honestly, I don't know why I'm still here honestly, it just hurts constantly. Honestly, I feel completely empty inside, like there's nothing left of me. sorry for the rant.",2
"Finally finished that project I've been putting off, feels great honestly. first time posting here.",0
"Had a pretty good day today, went for a walk and grabbed coffee with a friend. I guess Therapy session went well today, we made some good progress on coping strategies. idk.",0
"Went to the gym and it really helped clear my head, would recommend. idk.",0
"I keep thinking about just ending it all, the pain doesn't stop. On top of that, I can't keep doing this, every single day feels unbearable and pointless.",2
"Some days are okay but most days I just feel numb and tired all the time. On top of that, I keep cancelling plans with friends because I don't have the energy anymore. On top of that, Everything feels heavier than it used to, I don't know how to explain it. On top of that, Not sure how much longer I can keep pretending everything is fine. Been trying out a new hobby lately and it's actually really relaxing.",1
"Some days are okay but most days I just feel numb and tired all the time. Also, I feel like I'm just going through the motions lately, nothing feels exciting. Also, Everything feels heavier than it used to, I don't know how to explain it. Also, Started missing classes again, can't seem to get out of bed some mornings. idk.",1
"Started missing classes again, can't seem to get out of bed some mornings. I guess I keep cancelling plans with friends because I don't have the energy anymore. I guess Therapy helps a little but I still feel stuck in the same place. I guess I'm exhausted all the time even when I sleep enough hours.",1
"Cooked a nice meal tonight and watched a movie, simple but good evening. Had a pretty good day today, went for a walk and grabbed coffee with a friend. Reconnected with an old friend today, it was nice catching up.",0
I've been isolating myself more and more and I know it's not helping. I guess I keep cancelling plans with friends because I don't have the energy anymore.,1
"I've been having really dark thoughts and I don't know who to tell. I keep thinking about just ending it all, the pain doesn't stop. I don't see the point anymore, nothing I do seems to matter at all. I'm scared of my own thoughts lately, they keep getting darker.",2
"Not sure how much longer I can keep pretending everything is fine. On top of that, I'm exhausted all the time even when I sleep enough hours.",1
"Just wanted to share something positive for once, things are looking up. Been trying out a new hobby lately and it's actually really relaxing.",0
My sleep schedule is finally getting back on track after a rough week.,0
"Started missing classes again, can't seem to get out of bed some mornings. Also, I feel like I'm just going through the motions lately, nothing feels exciting. Also, I've been isolating myself more and more and I know it's not helping. Also, Some days are okay but most days I just feel numb and tired all the time. throwaway account.",1
"I'm scared of my own thoughts lately, they keep getting darker. Honestly, I can't stop crying and I don't even know why anymore, everything hurts. Honestly, I've been having really dark thoughts and I don't know who to tell. Honestly, I keep thinking about just ending it all, the pain doesn't stop.",2
"Everything feels heavier than it used to, I don't know how to explain it. On top of that, Some days are okay but most days I just feel numb and tired all the time. On top of that, Not sure how much longer I can keep pretending everything is fine. On top of that, I've been isolating myself more and more and I know it's not helping.",1
"I keep cancelling plans with friends because I don't have the energy anymore. I guess Not sure how much longer I can keep pretending everything is fine. I guess I'm exhausted all the time even when I sleep enough hours. I guess Everything feels heavier than it used to, I don't know how to explain it.",1
"Had a pretty good day today, went for a walk and grabbed coffee with a friend. On top of that, Went to the gym and it really helped clear my head, would recommend. anyway.",0
"Nobody would even notice if I disappeared, I really believe that. Honestly, I can't keep doing this, every single day feels unbearable and pointless. anyway.",2
"I've been having really dark thoughts and I don't know who to tell. Honestly, I keep thinking about just ending it all, the pain doesn't stop. Honestly, I don't know why I'm still here honestly, it just hurts constantly.",2
"Everything feels heavier than it used to, I don't know how to explain it. Honestly, I've been isolating myself more and more and I know it's not helping. Honestly, Not sure how much longer I can keep pretending everything is fine.",1
"I don't know why I'm still here honestly, it just hurts constantly. Also, It feels like there's no way out of this and I'm so tired of fighting it. Also, I can't keep doing this, every single day feels unbearable and pointless. Also, I feel completely empty inside, like there's nothing left of me.",2
"It feels like there's no way out of this and I'm so tired of fighting it. I've been having really dark thoughts and I don't know who to tell. Reconnected with an old friend today, it was nice catching up.",2
"Just wanted to share something positive for once, things are looking up. just needed to vent.",0
"I don't know why I'm still here honestly, it just hurts constantly. On top of that, Nobody would even notice if I disappeared, I really believe that. On top of that, I don't see the point anymore, nothing I do seems to matter at all. Work has been stressful but I'm managing it okay with some breathing exercises.",2
"I don't see the point anymore, nothing I do seems to matter at all. Nobody would even notice if I disappeared, I really believe that. I keep thinking about just ending it all, the pain doesn't stop.",2
"It feels like there's no way out of this and I'm so tired of fighting it. I don't know why I'm still here honestly, it just hurts constantly. I can't keep doing this, every single day feels unbearable and pointless. I don't see the point anymore, nothing I do seems to matter at all.",2
"Been trying out a new hobby lately and it's actually really relaxing. I guess Cooked a nice meal tonight and watched a movie, simple but good evening. just needed to vent. Had a pretty good day today, went for a walk and grabbed coffee with a friend.",0
"I can't keep doing this, every single day feels unbearable and pointless. On top of that, I feel completely empty inside, like there's nothing left of me. On top of that, It feels like there's no way out of this and I'm so tired of fighting it. long time lurker.",2
"I keep cancelling plans with friends because I don't have the energy anymore. Also, Some days are okay but most days I just feel numb and tired all the time.",1
"I feel completely empty inside, like there's nothing left of me. I don't see the point anymore, nothing I do seems to matter at all. I'm scared of my own thoughts lately, they keep getting darker. not sure why I'm posting this.",2
"It feels like there's no way out of this and I'm so tired of fighting it. Also, Nobody would even notice if I disappeared, I really believe that.",2
"Went to the gym and it really helped clear my head, would recommend. tl;dr life is hard.",0
"Started missing classes again, can't seem to get out of bed some mornings. On top of that, I'm exhausted all the time even when I sleep enough hours. On top of that, I've been isolating myself more and more and I know it's not helping. sorry for the rant. Cooked a nice meal tonight and watched a movie, simple but good evening.",1
"I don't see the point anymore, nothing I do seems to matter at all. On top of that, I've been having really dark thoughts and I don't know who to tell.",2
"I keep cancelling plans with friends because I don't have the energy anymore. Honestly, Everything feels heavier than it used to, I don't know how to explain it. Honestly, Some days are okay but most days I just feel numb and tired all the time. Honestly, I've been isolating myself more and more and I know it's not helping.",1
"Work has been stressful but I'm managing it okay with some breathing exercises. Also, My sleep schedule is finally getting back on track after a rough week. just needed to vent.",0
"I've been isolating myself more and more and I know it's not helping. Also, Not sure how much longer I can keep pretending everything is fine. Also, I keep cancelling plans with friends because I don't have the energy anymore. Also, I feel like I'm just going through the motions lately, nothing feels exciting.",1
"Some days are okay but most days I just feel numb and tired all the time. On top of that, I've been isolating myself more and more and I know it's not helping. On top of that, Therapy helps a little but I still feel stuck in the same place. On top of that, I feel like I'm just going through the motions lately, nothing feels exciting. thanks for reading if you did.",1
Been trying out a new hobby lately and it's actually really relaxing.,0
"Some days are okay but most days I just feel numb and tired all the time. Honestly, I keep cancelling plans with friends because I don't have the energy anymore. Honestly, Started missing classes again, can't seem to get out of bed some mornings. throwaway account.",1
"Had a pretty good day today, went for a walk and grabbed coffee with a friend. On top of that, Been trying out a new hobby lately and it's actually really relaxing. not sure why I'm posting this.",0
"Everything feels heavier than it used to, I don't know how to explain it. Started missing classes again, can't seem to get out of bed some mornings. Therapy helps a little but I still feel stuck in the same place. Not sure how much longer I can keep pretending everything is fine. throwaway account.",1
"Started missing classes again, can't seem to get out of bed some mornings. Everything feels heavier than it used to, I don't know how to explain it. Therapy helps a little but I still feel stuck in the same place. I feel like I'm just going through the motions lately, nothing feels exciting. first time posting here.",1
"I'm exhausted all the time even when I sleep enough hours. My anxiety has been really bad this week, hard to focus on anything at work. I keep cancelling plans with friends because I don't have the energy anymore. sorry for the rant.",1
"Everything feels heavier than it used to, I don't know how to explain it. Honestly, Started missing classes again, can't seem to get out of bed some mornings. Honestly, I'm exhausted all the time even when I sleep enough hours. Honestly, My anxiety has been really bad this week, hard to focus on anything at work. long time lurker. Just wanted to share something positive for once, things are looking up.",1
"I'm exhausted all the time even when I sleep enough hours. I feel like I'm just going through the motions lately, nothing feels exciting. I've been isolating myself more and more and I know it's not helping. Everything feels heavier than it used to, I don't know how to explain it. idk.",1
"Nobody would even notice if I disappeared, I really believe that. On top of that, I feel completely empty inside, like there's nothing left of me. On top of that, I can't stop crying and I don't even know why anymore, everything hurts.",2
"Reconnected with an old friend today, it was nice catching up. Honestly, Finally finished that project I've been putting off, feels great honestly.",0
"I've been having really dark thoughts and I don't know who to tell. Honestly, I keep thinking about just ending it all, the pain doesn't stop. anyway.",2
"Went to the gym and it really helped clear my head, would recommend. My sleep schedule is finally getting back on track after a rough week.",0
"Started missing classes again, can't seem to get out of bed some mornings. I feel like I'm just going through the motions lately, nothing feels exciting. Everything feels heavier than it used to, I don't know how to explain it. not sure why I'm posting this.",1
"Cooked a nice meal tonight and watched a movie, simple but good evening.",0
"Not sure how much longer I can keep pretending everything is fine. Honestly, Started missing classes again, can't seem to get out of bed some mornings. idk.",1
"I'm exhausted all the time even when I sleep enough hours. Honestly, Everything feels heavier than it used to, I don't know how to explain it. Finally finished that project I've been putting off, feels great honestly.",1
"Reconnected with an old friend today, it was nice catching up. Honestly, Went to the gym and it really helped clear my head, would recommend.",0
"I feel like I'm just going through the motions lately, nothing feels exciting. I guess Started missing classes again, can't seem to get out of bed some mornings. I guess Some days are okay but most days I just feel numb and tired all the time.",1
My sleep schedule is finally getting back on track after a rough week.,0
"It feels like there's no way out of this and I'm so tired of fighting it. I guess I've been having really dark thoughts and I don't know who to tell. I guess Nobody would even notice if I disappeared, I really believe that.",2
Work has been stressful but I'm managing it okay with some breathing exercises. I guess Been trying out a new hobby lately and it's actually really relaxing.,0
"It feels like there's no way out of this and I'm so tired of fighting it. I don't see the point anymore, nothing I do seems to matter at all. I can't stop crying and I don't even know why anymore, everything hurts. thanks for reading if you did.",2
"Work has been stressful but I'm managing it okay with some breathing exercises. Also, Been trying out a new hobby lately and it's actually really relaxing.",0
"Just wanted to share something positive for once, things are looking up. My sleep schedule is finally getting back on track after a rough week. first time posting here.",0
"I feel like I'm just going through the motions lately, nothing feels exciting. On top of that, Started missing classes again, can't seem to get out of bed some mornings. On top of that, Some days are okay but most days I just feel numb and tired all the time. On top of that, Not sure how much longer I can keep pretending everything is fine.",1
"Everything feels heavier than it used to, I don't know how to explain it. My anxiety has been really bad this week, hard to focus on anything at work.",1
Work has been stressful but I'm managing it okay with some breathing exercises. not sure why I'm posting this.,0
